{
  "model_type": "xgboost_behavioral_calibrated",
  "feature_keys": [
    "scriptCount",
    "scriptTotalLength",
    "hasPostinstall",
    "postinstallLength",
    "preinstallLength",
    "postuninstallLength",
    "networkScriptCount",
    "evalUsageCount",
    "childProcessCount",
    "fileSystemAccessCount",
    "base64DecodeCount",
    "obfuscationMarkerCount",
    "socketDnsCount",
    "dependencyCount",
    "devDependencyCount"
  ],
  "feature_schema_version": 1,
  "training_date": "2026-06-23T17:46:35.599507Z",
  "dataset_size": 231,
  "class_distribution": {
    "good": 35,
    "bad": 149
  },
  "imbalance_strategy": "oversample",
  "xgboost_params": {
    "n_estimators": 100,
    "max_depth": 6,
    "learning_rate": 0.1,
    "subsample": 0.9,
    "colsample_bytree": 0.9,
    "min_child_weight": 1,
    "random_state": 42,
    "eval_metric": "logloss"
  },
  "scale_pos_weight": 1.0,
  "metrics": {
    "accuracy": 0.6596,
    "precision": 0.8056,
    "recall": 0.7632,
    "roc_auc": 0.6082
  },
  "training_scores": [
    0.3548381432406312,
    0.11978274785039435,
    0.11703666763335037,
    0.22242125670008936,
    0.4575591996342097,
    0.14466391182835123,
    0.1342940432917434,
    0.1342940432917434,
    0.10137284453788835,
    0.10137284453788835,
    0.110063626924024,
    0.11756085586666794,
    0.17264417539027196,
    0.10137284453788835,
    0.12940470355130895,
    0.17264417539027196,
    0.22242125670008936,
    0.27020088683713755,
    0.13089667864166812,
    0.11756085586666794,
    0.29592972506163173,
    0.10378997725515833,
    0.10991475351594127,
    0.11289285337659431,
    0.11978274785039435,
    0.110063626924024,
    0.1521278387840619,
    0.22242125670008936,
    0.1391957888954023,
    0.21010666387733704,
    0.24385778755360255,
    0.29592972506163173,
    0.10217996262907196,
    0.1391957888954023,
    0.1035956526662291,
    0.17264417539027196,
    0.41611412900189765,
    0.10991475351594127,
    0.1521278387840619,
    0.11703666763335037,
    0.118073983183633,
    0.10217996262907196,
    0.24243757637013671,
    0.24385778755360255,
    0.17264417539027196,
    0.12214489871408248,
    0.24385778755360255,
    0.3548381432406312,
    0.21010666387733704,
    0.1035956526662291,
    0.45652203785786966,
    0.6139674415368278,
    0.10217996262907196,
    0.3825444796956318,
    0.11978274785039435,
    0.11703666763335037,
    0.10217996262907196,
    0.14466391182835123,
    0.22242125670008936,
    0.11289285337659431,
    0.21010666387733704,
    0.10137284453788835,
    0.1035956526662291,
    0.29592972506163173,
    0.3548381432406312,
    0.11978274785039435,
    0.12552123617317884,
    0.29592972506163173,
    0.1521278387840619,
    0.1391957888954023,
    0.10137284453788835,
    0.12552123617317884,
    0.11703666763335037,
    0.10137284453788835,
    0.1342940432917434,
    0.24243757637013671,
    0.11703666763335037,
    0.118073983183633,
    0.118073983183633,
    0.27020088683713755,
    0.3796779583750383,
    0.10991475351594127,
    0.1521278387840619,
    0.1391957888954023,
    0.11703666763335037,
    0.13089667864166812,
    0.45652203785786966,
    0.27020088683713755,
    0.14466391182835123,
    0.10137284453788835,
    0.118073983183633,
    0.11756085586666794,
    0.10378997725515833,
    0.118073983183633,
    0.12552123617317884,
    0.118073983183633,
    0.10217996262907196,
    0.110063626924024,
    0.12552123617317884,
    0.3796779583750383,
    0.1035956526662291,
    0.10217996262907196,
    0.10378997725515833,
    0.1391957888954023,
    0.11978274785039435,
    0.11978274785039435,
    0.1035956526662291,
    0.3984155991140774,
    0.12261315205704666,
    0.12261315205704666,
    0.24385778755360255,
    0.12940470355130895,
    0.14466391182835123,
    0.11978274785039435,
    0.3548381432406312,
    0.3984155991140774,
    0.12261315205704666,
    0.1521278387840619,
    0.11756085586666794,
    0.10991475351594127,
    0.17264417539027196,
    0.12214489871408248,
    0.10991475351594127,
    0.10991475351594127,
    0.41611412900189765,
    0.12940470355130895,
    0.1342940432917434,
    0.10991475351594127,
    0.29592972506163173,
    0.27020088683713755,
    0.12552123617317884,
    0.10378997725515833,
    0.3984155991140774,
    0.110063626924024,
    0.12214489871408248,
    0.11703666763335037,
    0.10378997725515833,
    0.1391957888954023,
    0.27020088683713755,
    0.10137284453788835,
    0.11978274785039435,
    0.12261315205704666,
    0.12261315205704666,
    0.10137284453788835,
    0.13089667864166812,
    0.17264417539027196,
    0.110063626924024,
    0.24243757637013671,
    0.17264417539027196,
    0.24385778755360255,
    0.6462486499999067,
    0.9493877353843577,
    0.9478634179156563,
    0.8444249200831754,
    0.6383399612099431,
    0.9532715644368425,
    0.9518036814537325,
    0.953586467738702,
    0.17264417539027196,
    0.9451377797600274,
    0.9551598927391903,
    0.9115341173402681,
    0.9536210977998102,
    0.9481630226584968,
    0.519187014482962,
    0.7288442813025444,
    0.9553121587966498,
    0.9537614426391192,
    0.934002038845828,
    0.8658401339025903,
    0.9385695458725282,
    0.9439629957707898,
    0.9548936676742706,
    0.9117240526951765,
    0.9547768544660563,
    0.8785636535826616,
    0.9336084165253431,
    0.9528508490933887,
    0.9460306104712046,
    0.9470661665579317,
    0.953612723938805,
    0.6792422521132612,
    0.9361649384523939,
    0.9547523672239416,
    0.94313190327693,
    0.27020088683713755,
    0.9535643192975282,
    0.8976987503611831,
    0.9395206149877978,
    0.9529895703147204,
    0.9503454700934736,
    0.8726161021635735,
    0.9468412756633073,
    0.9548207367742818,
    0.9430470940092087,
    0.9491153039541519,
    0.9510327691617485,
    0.9480599680841473,
    0.9451352973748469,
    0.8444496844066989,
    0.950825616864626,
    0.9550023077771046,
    0.9556860118146081,
    0.6636628086156692,
    0.939653429678848,
    0.9539343831636004,
    0.9517233924421887,
    0.81330818505274,
    0.9404334787096937,
    0.9518881535834748,
    0.9552430101535152,
    0.9233362623125158,
    0.9488986838349062,
    0.9296167196387358,
    0.7269412046214284,
    0.9159568780129937,
    0.9463874431917105,
    0.891130139903812,
    0.9538265132788046,
    0.9525934593925264,
    0.9529304659656405,
    0.5970108651148983,
    0.9416634283253068,
    0.9540276287067196,
    0.8861114837092421,
    0.9350244025956421,
    0.8689533532928811,
    0.9543874150326844,
    0.9340010646139466,
    0.5397191998850829,
    0.9512894038549233,
    0.8835741544592746,
    0.9439157530509412,
    0.8010909347886471,
    0.6595949798440742,
    0.941189784896726,
    0.954917172757184,
    0.9506472168659575,
    0.94560599280566,
    0.8539492220204129,
    0.9531048686512227,
    0.9388028886022699,
    0.7562254487914571,
    0.9531990464514437,
    0.8860343341414106,
    0.9543252663151397,
    0.9545899404903923,
    0.8565068357629126,
    0.9361614537213727,
    0.7421945578381609,
    0.9457130089051976,
    0.9532813243664062,
    0.9081501501266164,
    0.9538968082882766,
    0.9281752856168106,
    0.8792375510136212,
    0.9550570395325945,
    0.9297805253022752,
    0.9254704113065134,
    0.9538503523120317,
    0.5884788274691289,
    0.6972136007469739,
    0.6510181271111789,
    0.7376057056723774,
    0.9457798618372216,
    0.6139674415368278,
    0.9470944392894703,
    0.7127324238577021,
    0.664938571985657,
    0.8925633384597035,
    0.9507748707742802,
    0.8880066815721744,
    0.7870285353046994,
    0.727629169512099,
    0.29592972506163173,
    0.8196500359189901,
    0.94420421907629,
    0.9450012426439849,
    0.9519781143725172,
    0.9495709579833247,
    0.8481540503308054,
    0.9529996209119678,
    0.9477987990990728,
    0.6567675282116364,
    0.9352968201267872,
    0.947655743245047,
