{
  "model_type": "xgboost_behavioral_calibrated",
  "feature_keys": [
    "scriptCount",
    "scriptTotalLength",
    "hasPostinstall",
    "postinstallLength",
    "preinstallLength",
    "postuninstallLength",
    "networkScriptCount",
    "evalUsageCount",
    "childProcessCount",
    "fileSystemAccessCount",
    "base64DecodeCount",
    "obfuscationMarkerCount",
    "socketDnsCount",
    "dependencyCount",
    "devDependencyCount"
  ],
  "feature_schema_version": 1,
  "training_date": "2026-06-07T04:30:11.825507Z",
  "dataset_size": 232,
  "class_distribution": {
    "good": 35,
    "bad": 150
  },
  "imbalance_strategy": "oversample",
  "xgboost_params": {
    "n_estimators": 100,
    "max_depth": 6,
    "learning_rate": 0.1,
    "subsample": 0.9,
    "colsample_bytree": 0.9,
    "min_child_weight": 1,
    "random_state": 42,
    "eval_metric": "logloss"
  },
  "scale_pos_weight": 1.0,
  "metrics": {
    "accuracy": 0.7234,
    "precision": 0.8205,
    "recall": 0.8421,
    "roc_auc": 0.7105
  },
  "training_scores": [
    0.21060276678384102,
    0.11969368579635509,
    0.09125100915648822,
    0.14911671640875038,
    0.14972894664570927,
    0.1207005352066781,
    0.10077347469686711,
    0.10077347469686711,
    0.08654497951481722,
    0.08654497951481722,
    0.18155883660370145,
    0.09446218304835363,
    0.15019993836248338,
    0.08654497951481722,
    0.12857754719443554,
    0.15019993836248338,
    0.14911671640875038,
    0.14796031758628725,
    0.10651799442772496,
    0.09446218304835363,
    0.23731628020278164,
    0.1832573317392093,
    0.10866070635648217,
    0.09549654354218678,
    0.11969368579635509,
    0.18155883660370145,
    0.09472443311656022,
    0.14911671640875038,
    0.09792896557798662,
    0.2670719872368918,
    0.34687671678461046,
    0.23731628020278164,
    0.08316697620593694,
    0.09792896557798662,
    0.09018581364265023,
    0.15019993836248338,
    0.38750694735615765,
    0.10866070635648217,
    0.09472443311656022,
    0.09125100915648822,
    0.10192657261351513,
    0.08316697620593694,
    0.23421219687894687,
    0.34687671678461046,
    0.15019993836248338,
    0.14734817473120929,
    0.34687671678461046,
    0.21060276678384102,
    0.2670719872368918,
    0.09018581364265023,
    0.29686466575298254,
    0.7950280855142724,
    0.08316697620593694,
    0.3452796776636157,
    0.11969368579635509,
    0.09125100915648822,
    0.08316697620593694,
    0.1207005352066781,
    0.14911671640875038,
    0.09549654354218678,
    0.2670719872368918,
    0.08654497951481722,
    0.09018581364265023,
    0.23731628020278164,
    0.21060276678384102,
    0.11969368579635509,
    0.10249528486175812,
    0.23731628020278164,
    0.09472443311656022,
    0.09792896557798662,
    0.08654497951481722,
    0.10249528486175812,
    0.09125100915648822,
    0.08654497951481722,
    0.10077347469686711,
    0.23421219687894687,
    0.09125100915648822,
    0.10192657261351513,
    0.10192657261351513,
    0.14796031758628725,
    0.23054165433585241,
    0.10866070635648217,
    0.09472443311656022,
    0.09792896557798662,
    0.09125100915648822,
    0.10651799442772496,
    0.29686466575298254,
    0.14796031758628725,
    0.1207005352066781,
    0.08654497951481722,
    0.10192657261351513,
    0.09446218304835363,
    0.1832573317392093,
    0.10192657261351513,
    0.10249528486175812,
    0.10192657261351513,
    0.08316697620593694,
    0.18155883660370145,
    0.10249528486175812,
    0.23054165433585241,
    0.09018581364265023,
    0.08316697620593694,
    0.1832573317392093,
    0.09792896557798662,
    0.11969368579635509,
    0.11969368579635509,
    0.09018581364265023,
    0.3678457706919698,
    0.09835910447596508,
    0.09835910447596508,
    0.34687671678461046,
    0.12857754719443554,
    0.1207005352066781,
    0.11969368579635509,
    0.21060276678384102,
    0.3678457706919698,
    0.09835910447596508,
    0.09472443311656022,
    0.09446218304835363,
    0.10866070635648217,
    0.15019993836248338,
    0.14734817473120929,
    0.10866070635648217,
    0.10866070635648217,
    0.38750694735615765,
    0.12857754719443554,
    0.10077347469686711,
    0.10866070635648217,
    0.23731628020278164,
    0.14796031758628725,
    0.10249528486175812,
    0.1832573317392093,
    0.3678457706919698,
    0.18155883660370145,
    0.14734817473120929,
    0.09125100915648822,
    0.1832573317392093,
    0.09792896557798662,
    0.14796031758628725,
    0.08654497951481722,
    0.11969368579635509,
    0.09835910447596508,
    0.09835910447596508,
    0.08654497951481722,
    0.10651799442772496,
    0.15019993836248338,
    0.18155883660370145,
    0.23421219687894687,
    0.15019993836248338,
    0.15019993836248338,
    0.9625227144605053,
    0.5776175564182443,
    0.9001824070362142,
    0.9448786673169405,
    0.9600186331875014,
    0.6334123649731717,
    0.9391099995693946,
    0.9621064692167338,
    0.9623976041938492,
    0.9585805598374403,
    0.962120343282718,
    0.6673317538428926,
    0.8975040611132775,
    0.9582464110331849,
    0.9625169439201562,
    0.96158604964427,
    0.9584613521311174,
    0.9589082498622231,
    0.7815760666729581,
    0.9531422577404823,
    0.9581952394063457,
    0.9588034856777871,
    0.9562848388712748,
    0.9534844153878886,
    0.9606749804039688,
    0.9625632695299111,
    0.7848195779641801,
    0.9609180893465824,
    0.9548614389454316,
    0.8993668835489492,
    0.9512370664668394,
    0.18155883660370145,
    0.9591568441980187,
    0.9591413391460814,
    0.9602209727448691,
    0.9435267484842343,
    0.956943370379341,
    0.6270979136476085,
    0.9606175812139828,
    0.8231769704298016,
    0.9397689147365608,
    0.9427241615977499,
    0.9573393941940987,
    0.9356978133612067,
    0.6998610910428645,
    0.9610088699279328,
    0.9122877934936477,
    0.23731628020278164,
    0.9625218663337343,
    0.8001062393639905,
    0.9581041280367999,
    0.612425414498584,
    0.9535168564434953,
    0.9542217180580068,
    0.8189134762350022,
    0.9617544301372196,
    0.9355842853972955,
    0.9604443353988731,
    0.9593710787877369,
    0.9601113453188078,
    0.9621690583215092,
    0.936800716569818,
    0.9567505625511871,
    0.9531140874135522,
    0.9589428564857431,
    0.9551089603473762,
    0.9583560948346919,
    0.9588319668315366,
    0.9593121751249744,
    0.880576251141877,
    0.8690306672285636,
    0.9603019654511559,
    0.6541547887262161,
    0.7757858649231806,
    0.60947137982168,
    0.1832573317392093,
    0.9220369778222423,
    0.807114155968956,
    0.9619643689773411,
    0.9563271554086888,
    0.9614866060462782,
    0.9492869450053888,
    0.9469762893438572,
    0.7406458567116809,
    0.5593684316898156,
    0.9617587737672902,
    0.9363413174893432,
    0.9439362366177392,
    0.8724283558336251,
    0.8862793984958933,
    0.9200710757503786,
    0.9468722819366464,
    0.7950280855142724,
    0.9625169439201562,
    0.960063866631307,
    0.9558126535105468,
    0.9617755464870926,
    0.905078468160064,
    0.6072313354049067,
    0.9612236006941902,
    0.9621066780889665,
    0.9402241056681445,
    0.9508816374145269,
    0.9614948701849331,
    0.9558874243487215,
    0.9604474289241347,
    0.8455335984724438,
    0.9251644205115787,
    0.9602683755006908,
    0.6742962440843437,
    0.9596127510050864,
    0.9525187849202466,
    0.6223283865779011,
    0.9609028042618967,
    0.9309500485337017,
    0.8866781938581725,
    0.954269495493536,
    0.886030937000068,
    0.8410108943660441,
    0.9594482062749655,
    0.8856934667794866,
    0.34687671678461046,
    0.9547828087229603,
    0.9577661068990936,
    0.9602917241375835,
    0.9600161730009363,
    0.15019993836248338,
    0.9613273213233766,
    0.9616152490416588,
    0.9572039330044101,
    0.959583481173489,
    0.9577699244467505,
    0.85711468402589,
    0.9622022581761064,
