{
  "model_type": "xgboost_behavioral_calibrated",
  "feature_keys": [
    "scriptCount",
    "scriptTotalLength",
    "hasPostinstall",
    "postinstallLength",
    "preinstallLength",
    "postuninstallLength",
    "networkScriptCount",
    "evalUsageCount",
    "childProcessCount",
    "fileSystemAccessCount",
    "base64DecodeCount",
    "obfuscationMarkerCount",
    "socketDnsCount",
    "dependencyCount",
    "devDependencyCount"
  ],
  "feature_schema_version": 1,
  "training_date": "2026-06-22T13:17:21.357853Z",
  "dataset_size": 231,
  "class_distribution": {
    "good": 35,
    "bad": 149
  },
  "imbalance_strategy": "oversample",
  "xgboost_params": {
    "n_estimators": 100,
    "max_depth": 6,
    "learning_rate": 0.1,
    "subsample": 0.9,
    "colsample_bytree": 0.9,
    "min_child_weight": 1,
    "random_state": 42,
    "eval_metric": "logloss"
  },
  "scale_pos_weight": 1.0,
  "metrics": {
    "accuracy": 0.7447,
    "precision": 0.8421,
    "recall": 0.8421,
    "roc_auc": 0.6228
  },
  "training_scores": [
    0.2886343729348923,
    0.135409710064383,
    0.1478177187874399,
    0.1923275214906097,
    0.2228373311198263,
    0.15998076522241483,
    0.15591151069659503,
    0.15591151069659503,
    0.12466043073568167,
    0.12466043073568167,
    0.14874890035941404,
    0.1630395589829368,
    0.21647517086288817,
    0.12466043073568167,
    0.14372922953367628,
    0.21647517086288817,
    0.1923275214906097,
    0.2786136261309881,
    0.13900795958053602,
    0.1630395589829368,
    0.19015745079813742,
    0.19625501763270092,
    0.1398094334469386,
    0.13407638230926797,
    0.135409710064383,
    0.14874890035941404,
    0.16290736983951257,
    0.1923275214906097,
    0.1532704450230276,
    0.2363826794882149,
    0.3194511156337149,
    0.19015745079813742,
    0.11995669589126697,
    0.1532704450230276,
    0.12380207915530832,
    0.21647517086288817,
    0.4641345546240167,
    0.1398094334469386,
    0.16290736983951257,
    0.1478177187874399,
    0.1442246746054764,
    0.11995669589126697,
    0.2703580885820393,
    0.3194511156337149,
    0.21647517086288817,
    0.4046485828935604,
    0.3194511156337149,
    0.2886343729348923,
    0.2363826794882149,
    0.12380207915530832,
    0.4169329005084544,
    0.6123255214962922,
    0.11995669589126697,
    0.2873549841843981,
    0.135409710064383,
    0.1478177187874399,
    0.11995669589126697,
    0.15998076522241483,
    0.1923275214906097,
    0.13407638230926797,
    0.2363826794882149,
    0.12466043073568167,
    0.12380207915530832,
    0.19015745079813742,
    0.2886343729348923,
    0.135409710064383,
    0.15054220556993247,
    0.19015745079813742,
    0.16290736983951257,
    0.1532704450230276,
    0.12466043073568167,
    0.15054220556993247,
    0.1478177187874399,
    0.12466043073568167,
    0.15591151069659503,
    0.2703580885820393,
    0.1478177187874399,
    0.1442246746054764,
    0.1442246746054764,
    0.2786136261309881,
    0.4000529592499474,
    0.1398094334469386,
    0.16290736983951257,
    0.1532704450230276,
    0.1478177187874399,
    0.13900795958053602,
    0.4169329005084544,
    0.2786136261309881,
    0.15998076522241483,
    0.12466043073568167,
    0.1442246746054764,
    0.1630395589829368,
    0.19625501763270092,
    0.1442246746054764,
    0.15054220556993247,
    0.1442246746054764,
    0.11995669589126697,
    0.14874890035941404,
    0.15054220556993247,
    0.4000529592499474,
    0.12380207915530832,
    0.11995669589126697,
    0.19625501763270092,
    0.1532704450230276,
    0.135409710064383,
    0.135409710064383,
    0.12380207915530832,
    0.40029267626566023,
    0.15814207413293388,
    0.15814207413293388,
    0.3194511156337149,
    0.14372922953367628,
    0.15998076522241483,
    0.135409710064383,
    0.2886343729348923,
    0.40029267626566023,
    0.15814207413293388,
    0.16290736983951257,
    0.1630395589829368,
    0.1398094334469386,
    0.21647517086288817,
    0.4046485828935604,
    0.1398094334469386,
    0.1398094334469386,
    0.4641345546240167,
    0.14372922953367628,
    0.15591151069659503,
    0.1398094334469386,
    0.19015745079813742,
    0.2786136261309881,
    0.15054220556993247,
    0.19625501763270092,
    0.40029267626566023,
    0.14874890035941404,
    0.4046485828935604,
    0.1478177187874399,
    0.19625501763270092,
    0.1532704450230276,
    0.2786136261309881,
    0.12466043073568167,
    0.135409710064383,
    0.15814207413293388,
    0.15814207413293388,
    0.12466043073568167,
    0.13900795958053602,
    0.21647517086288817,
    0.14874890035941404,
    0.2703580885820393,
    0.21647517086288817,
    0.944410332757556,
    0.9367779875286298,
    0.9440343291757175,
    0.9409699585886249,
    0.9302535670782707,
    0.9082624294271456,
    0.6711472421338879,
    0.94425079792991,
    0.9427620481479444,
    0.9272834498141473,
    0.9428426084476343,
    0.9446540358597196,
    0.9421117936447635,
    0.9448388766919885,
    0.9437003267898892,
    0.646519824205162,
    0.69468435219088,
    0.9313951318794191,
    0.9276565994028846,
    0.9435197851047293,
    0.9428821521555993,
    0.9356260040691322,
    0.9131970141958511,
    0.9304403328704849,
    0.9281580148896292,
    0.9442614704069285,
    0.9452252002725836,
    0.9431711325719013,
    0.943046703367917,
    0.6523595137153029,
    0.9441537751611797,
    0.9389065625148825,
    0.5679743618411869,
    0.9291662023933203,
    0.42170956258961895,
    0.9019475131849445,
    0.9452827135884657,
    0.944795399148623,
    0.6090013096144125,
    0.7921694400261119,
    0.9413389640996384,
    0.9052700659112491,
    0.943117690887993,
    0.9433381515356425,
    0.9377405125777617,
    0.9376654406415628,
    0.899338332581365,
    0.63534803285235,
    0.9371731020254609,
    0.9205010799959136,
    0.7913463422567485,
    0.6357369411191992,
    0.879473111453584,
    0.9414219566381576,
    0.9440245530752378,
    0.937460361015123,
    0.9437936230956883,
    0.9260180303556114,
    0.9287206876297427,
    0.8160684276728413,
    0.9369954221654851,
    0.6914801736046631,
    0.8833452446526705,
    0.9435539312224481,
    0.9367206920097536,
    0.723453376486963,
    0.6341840879837594,
    0.9377886906718222,
    0.8954279634660208,
    0.943187488196961,
    0.7030599739160356,
    0.9405003446747928,
    0.9423761172180328,
    0.4046485828935604,
    0.9153440767656216,
    0.9437093938163975,
    0.8478455080030205,
    0.9441842785959783,
    0.9439526435704134,
    0.8143485114044927,
    0.9433540953599664,
    0.943754270165078,
    0.9444264693550729,
    0.9433935043039064,
    0.9141435332198985,
    0.9449071275295521,
    0.9282690705826914,
    0.694822875403562,
    0.9380350181766675,
    0.9449404776421885,
    0.2786136261309881,
    0.8809677712879559,
    0.9124858515559234,
    0.3194511156337149,
    0.8641716508997513,
    0.9222244210661046,
    0.8948427741732292,
    0.9438969105540157,
    0.9420267307279245,
    0.7710390853626388,
    0.9434476062902878,
    0.9151369303664924,
    0.5926229744207105,
    0.9419855583439025,
    0.9448684659242428,
    0.8984298124081628,
    0.92489010939796,
    0.6559890554166513,
    0.9063706450789947,
    0.7826909650216325,
    0.9444264693550729,
    0.91829150368278,
    0.6123255214962922,
    0.9123494859155934,
    0.9404660677078441,
    0.6705698270199426,
    0.7297396408733818,
    0.9404393575064519,
    0.92489925020568,
    0.7225769335737532,
    0.9338433243395955,
    0.9235991656654353,
    0.9023881438849594,
    0.8251327735546673,
    0.8615275124507705,
    0.9328092666395245,
    0.9322695761766125,
    0.7119735233467018,
    0.9036867335248829,
    0.9326500455874727,
    0.9005714956374545,
    0.21647517086288817,
    0.19625501763270092,
    0.8978546638256858,
    0.9384443858387036,
    0.9331241754249868,
    0.6430177244242257,
    0.943605083473949,
    0.7259024223459972,
