{
  "model_type": "xgboost_behavioral_calibrated",
  "feature_keys": [
    "scriptCount",
    "scriptTotalLength",
    "hasPostinstall",
    "postinstallLength",
    "preinstallLength",
    "postuninstallLength",
    "networkScriptCount",
    "evalUsageCount",
    "childProcessCount",
    "fileSystemAccessCount",
    "base64DecodeCount",
    "obfuscationMarkerCount",
    "socketDnsCount",
    "dependencyCount",
    "devDependencyCount"
  ],
  "feature_schema_version": 1,
  "training_date": "2026-06-22T13:11:22.877428Z",
  "dataset_size": 231,
  "class_distribution": {
    "good": 35,
    "bad": 149
  },
  "imbalance_strategy": "oversample",
  "xgboost_params": {
    "n_estimators": 100,
    "max_depth": 6,
    "learning_rate": 0.1,
    "subsample": 0.9,
    "colsample_bytree": 0.9,
    "min_child_weight": 1,
    "random_state": 42,
    "eval_metric": "logloss"
  },
  "scale_pos_weight": 1.0,
  "metrics": {
    "accuracy": 0.7447,
    "precision": 0.8421,
    "recall": 0.8421,
    "roc_auc": 0.6228
  },
  "training_scores": [
    0.28863437284252974,
    0.13540970933642663,
    0.14781771807992874,
    0.19232752077568518,
    0.2228373307501342,
    0.1599807644749238,
    0.15591150999575865,
    0.15591150999575865,
    0.12466043000909466,
    0.12466043000909466,
    0.14874889977934064,
    0.16303955827488162,
    0.21647517004333086,
    0.12466043000909466,
    0.14372922878432634,
    0.21647517004333086,
    0.19232752077568518,
    0.2786136260075009,
    0.13900795879489536,
    0.16303955827488162,
    0.19015745007599746,
    0.196255016672057,
    0.13980943268890914,
    0.1340763815424222,
    0.13540970933642663,
    0.14874889977934064,
    0.16290736912701118,
    0.19232752077568518,
    0.15327044430668277,
    0.2363826788134428,
    0.31945111603514587,
    0.19015745007599746,
    0.11995669517232288,
    0.15327044430668277,
    0.12380207843333402,
    0.21647517004333086,
    0.4641345558205381,
    0.13980943268890914,
    0.16290736912701118,
    0.14781771807992874,
    0.1442246740082063,
    0.11995669517232288,
    0.2703580881754953,
    0.31945111603514587,
    0.21647517004333086,
    0.40464858445128965,
    0.31945111603514587,
    0.28863437284252974,
    0.2363826788134428,
    0.12380207843333402,
    0.41693289958347085,
    0.6123255213965388,
    0.11995669517232288,
    0.28735498307903384,
    0.13540970933642663,
    0.14781771807992874,
    0.11995669517232288,
    0.1599807644749238,
    0.19232752077568518,
    0.1340763815424222,
    0.2363826788134428,
    0.12466043000909466,
    0.12380207843333402,
    0.19015745007599746,
    0.28863437284252974,
    0.13540970933642663,
    0.15054220481210204,
    0.19015745007599746,
    0.16290736912701118,
    0.15327044430668277,
    0.12466043000909466,
    0.15054220481210204,
    0.14781771807992874,
    0.12466043000909466,
    0.15591150999575865,
    0.2703580881754953,
    0.14781771807992874,
    0.1442246740082063,
    0.1442246740082063,
    0.2786136260075009,
    0.400052958447916,
    0.13980943268890914,
    0.16290736912701118,
    0.15327044430668277,
    0.14781771807992874,
    0.13900795879489536,
    0.41693289958347085,
    0.2786136260075009,
    0.1599807644749238,
    0.12466043000909466,
    0.1442246740082063,
    0.16303955827488162,
    0.196255016672057,
    0.1442246740082063,
    0.15054220481210204,
    0.1442246740082063,
    0.11995669517232288,
    0.14874889977934064,
    0.15054220481210204,
    0.400052958447916,
    0.12380207843333402,
    0.11995669517232288,
    0.196255016672057,
    0.15327044430668277,
    0.13540970933642663,
    0.13540970933642663,
    0.12380207843333402,
    0.4002926769552724,
    0.15814207372397646,
    0.15814207372397646,
    0.31945111603514587,
    0.14372922878432634,
    0.1599807644749238,
    0.13540970933642663,
    0.28863437284252974,
    0.4002926769552724,
    0.15814207372397646,
    0.16290736912701118,
    0.16303955827488162,
    0.13980943268890914,
    0.21647517004333086,
    0.40464858445128965,
    0.13980943268890914,
    0.13980943268890914,
    0.4641345558205381,
    0.14372922878432634,
    0.15591150999575865,
    0.13980943268890914,
    0.19015745007599746,
    0.2786136260075009,
    0.15054220481210204,
    0.196255016672057,
    0.4002926769552724,
    0.14874889977934064,
    0.40464858445128965,
    0.14781771807992874,
    0.196255016672057,
    0.15327044430668277,
    0.2786136260075009,
    0.12466043000909466,
    0.13540970933642663,
    0.15814207372397646,
    0.15814207372397646,
    0.12466043000909466,
    0.13900795879489536,
    0.21647517004333086,
    0.14874889977934064,
    0.2703580881754953,
    0.21647517004333086,
    0.9444103337490874,
    0.9367779885750855,
    0.9440343301647983,
    0.9409699595857406,
    0.9302535682503859,
    0.9082624307495287,
    0.6711472426889039,
    0.944250798923385,
    0.9427620491505584,
    0.9272834510707627,
    0.9428426094549002,
    0.944654036839086,
    0.9421117946492429,
    0.9448388776726354,
    0.9437003277879704,
    0.6465198248801238,
    0.6946843526301071,
    0.9313951329693827,
    0.9276566004976344,
    0.943519786104928,
    0.9428821531290779,
    0.935626005197034,
    0.9131970154441303,
    0.9304403339816983,
    0.9281580160999038,
    0.9442614713862373,
    0.9452252012524677,
    0.9431711335455586,
    0.9430467043770064,
    0.6523595139412316,
    0.9441537761581698,
    0.9389065635705925,
    0.5679743628681447,
    0.9291662036479429,
    0.4217095636461237,
    0.9019475143592327,
    0.9452827145659045,
    0.944795400126354,
    0.6090013102442916,
    0.792169440958466,
    0.9413389651026488,
    0.9052700674983966,
    0.9431176918623209,
    0.9433381525099138,
    0.9377405136272058,
    0.9376654417690521,
    0.8993383334755625,
    0.635348033443495,
    0.9371731031011619,
    0.9205010813835779,
    0.7913463431472211,
    0.6357369431141331,
    0.879473112709204,
    0.941421957659594,
    0.9440245540612784,
    0.9374603619592596,
    0.9437936240638632,
    0.9260180315638716,
    0.9287206884892955,
    0.8160684288938503,
    0.9369954231002781,
    0.6914801752593425,
    0.883345245348644,
    0.9435539322415085,
    0.936720693175821,
    0.7234533779579561,
    0.6341840899953838,
    0.9377886917267905,
    0.8954279644766642,
    0.9431874891706373,
    0.7030599755677672,
    0.9405003456888018,
    0.9423761182276396,
    0.40464858445128965,
    0.9153440778017387,
    0.943709394792915,
    0.8478455094506829,
    0.9441842795799756,
    0.9439526445714098,
    0.8143485123067647,
    0.9433540963430639,
    0.9437542711600212,
    0.94442647033445,
    0.9433935052757788,
    0.9141435346278133,
    0.9449071285137461,
    0.9282690718554774,
    0.6948228770549978,
    0.9380350192570339,
    0.9449404786236171,
    0.2786136260075009,
    0.8809677726357563,
    0.9124858527784324,
    0.31945111603514587,
    0.864171651643884,
    0.9222244223062669,
    0.8948427754923638,
    0.9438969115372059,
    0.9420267317244283,
    0.7710390860554174,
    0.9434476073171779,
    0.9151369317648226,
    0.5926229739046979,
    0.9419855593815917,
    0.9448684668999138,
    0.898429813999659,
    0.9248901107614275,
    0.6559890553669728,
    0.906370646633258,
    0.7826909661019837,
    0.94442647033445,
    0.9182915048998906,
    0.6123255213965388,
    0.9123494874141388,
    0.9404660688004922,
    0.6705698266549781,
    0.7297396409589147,
    0.9404393586011862,
    0.9248992514439466,
    0.7225769337739134,
    0.9338433255262671,
    0.9235991670687671,
    0.9023881454423989,
    0.8251327750617915,
    0.8615275141642513,
    0.9328092678388192,
    0.9322695771126761,
    0.7119735235864965,
    0.9036867351382561,
    0.9326500466190003,
    0.9005714968958444,
    0.21647517004333086,
    0.196255016672057,
    0.8978546654978351,
    0.9384443869375833,
    0.933124176481114,
    0.6430177240051702,
