{
  "model_type": "xgboost_behavioral_calibrated",
  "feature_keys": [
    "scriptCount",
    "scriptTotalLength",
    "hasPostinstall",
    "postinstallLength",
    "preinstallLength",
    "postuninstallLength",
    "networkScriptCount",
    "evalUsageCount",
    "childProcessCount",
    "fileSystemAccessCount",
    "base64DecodeCount",
    "obfuscationMarkerCount",
    "socketDnsCount",
    "dependencyCount",
    "devDependencyCount"
  ],
  "feature_schema_version": 1,
  "training_date": "2026-04-13T01:16:08.229546Z",
  "dataset_size": 178,
  "class_distribution": {
    "good": 35,
    "bad": 107
  },
  "imbalance_strategy": "oversample",
  "xgboost_params": {
    "n_estimators": 100,
    "max_depth": 6,
    "learning_rate": 0.1,
    "subsample": 0.9,
    "colsample_bytree": 0.9,
    "min_child_weight": 1,
    "random_state": 42,
    "eval_metric": "logloss"
  },
  "scale_pos_weight": 1.0,
  "metrics": {
    "accuracy": 0.5556,
    "precision": 0.7391,
    "recall": 0.6296,
    "roc_auc": 0.4897
  },
  "training_scores": [
    0.29790088382710284,
    0.10838091136052984,
    0.14759579418988197,
    0.14003930054782052,
    0.4937861249510824,
    0.1750998973454019,
    0.25335281350540384,
    0.25335281350540384,
    0.1253508589216346,
    0.1253508589216346,
    0.20512112601982457,
    0.23564047984163994,
    0.2298723624286074,
    0.1253508589216346,
    0.5032093642340112,
    0.2298723624286074,
    0.14003930054782052,
    0.17681085419236464,
    0.3530485945917847,
    0.23564047984163994,
    0.2075570832793884,
    0.20444940967490635,
    0.23604317817045603,
    0.18629678226806798,
    0.10838091136052984,
    0.20512112601982457,
    0.3569681755969916,
    0.14003930054782052,
    0.17667979579851925,
    0.12372571936649339,
    0.4145012974762066,
    0.2075570832793884,
    0.12466622692794237,
    0.17667979579851925,
    0.20257242156335634,
    0.2298723624286074,
    0.6655618414193378,
    0.23604317817045603,
    0.3569681755969916,
    0.14759579418988197,
    0.12897498760078704,
    0.12466622692794237,
    0.14788767201017786,
    0.4145012974762066,
    0.2298723624286074,
    0.2019296057616821,
    0.4145012974762066,
    0.29790088382710284,
    0.12372571936649339,
    0.20257242156335634,
    0.31448917200890997,
    0.698319810698783,
    0.12466622692794237,
    0.33140163457613253,
    0.10838091136052984,
    0.14759579418988197,
    0.12466622692794237,
    0.1750998973454019,
    0.14003930054782052,
    0.18629678226806798,
    0.12372571936649339,
    0.1253508589216346,
    0.20257242156335634,
    0.2075570832793884,
    0.29790088382710284,
    0.10838091136052984,
    0.14211822687229825,
    0.2075570832793884,
    0.3569681755969916,
    0.17667979579851925,
    0.1253508589216346,
    0.14211822687229825,
    0.14759579418988197,
    0.1253508589216346,
    0.25335281350540384,
    0.14788767201017786,
    0.14759579418988197,
    0.12897498760078704,
    0.12897498760078704,
    0.17681085419236464,
    0.419523784702115,
    0.23604317817045603,
    0.3569681755969916,
    0.17667979579851925,
    0.14759579418988197,
    0.3530485945917847,
    0.31448917200890997,
    0.17681085419236464,
    0.1750998973454019,
    0.1253508589216346,
    0.12897498760078704,
    0.23564047984163994,
    0.20444940967490635,
    0.12897498760078704,
    0.14211822687229825,
    0.12897498760078704,
    0.12466622692794237,
    0.20512112601982457,
    0.14211822687229825,
    0.419523784702115,
    0.20257242156335634,
    0.12466622692794237,
    0.20444940967490635,
    0.17667979579851925,
    0.10838091136052984,
    0.10838091136052984,
    0.20257242156335634,
    0.9441152831224273,
    0.7424869115660003,
    0.5083553846308477,
    0.9421204118684662,
    0.9357769274779558,
    0.7971054593224078,
    0.6492142535332897,
    0.6952157395328626,
    0.9420695918592908,
    0.9439746535729007,
    0.6431351230137579,
    0.9434555104398848,
    0.9308259461485958,
    0.9028855073877976,
    0.7841109596937281,
    0.8908346710067679,
    0.9406765305489343,
    0.6877395355315358,
    0.9464343649700367,
    0.9464483964858351,
    0.29790088382710284,
    0.9188887646736518,
    0.7286680088554899,
    0.9448359943529541,
    0.6504537138632576,
    0.93030480209183,
    0.9325903547782411,
    0.9422291593301354,
    0.9435658366764356,
    0.7349649704983614,
    0.8553681982485936,
    0.9434643263063801,
    0.9419728049357969,
    0.9403296623451421,
    0.6655618414193378,
    0.7632237552941484,
    0.3569681755969916,
    0.9352488334475692,
    0.9452813696941621,
    0.7794589349972815,
    0.9309748733907471,
    0.8249695116559846,
    0.5210659801331391,
    0.9433862333163381,
    0.5687716752249891,
    0.8556089624123434,
    0.8447722784420512,
    0.8090550035326082,
    0.8258756019981671,
    0.9400291798995043,
    0.942107828464105,
    0.9286122220362228,
    0.9441800767007842,
    0.537965711344503,
    0.9302617669170851,
    0.9422934868473404,
    0.9164103771140896,
    0.8549200084380963,
    0.7554613878322508,
    0.9374061074402967,
    0.9413264569888934,
    0.9418596209224214,
    0.9332374781636447,
    0.7745390351876712,
    0.9386346480782916,
    0.9340876905793595,
    0.9235907434491845,
    0.9415896842308465,
    0.9066004506414682,
    0.6236658889768543,
    0.9302296937573337,
    0.8860231003263768,
    0.9425418857832333,
    0.9402215919905427,
    0.864967708427204,
    0.9105567875107337,
    0.9074783961599184,
    0.7847143762612335,
    0.8881289695663623,
    0.7591315718253773,
    0.7978639695692641,
    0.8521810838841922,
    0.6399601231991995,
    0.8942701003010955,
    0.7189442479563087,
    0.9222905072403315,
    0.7611764699346869,
    0.8583810680594551,
    0.5347472859812473,
    0.932810607891336,
    0.9449580495331412,
    0.9446976241849089,
    0.8119219863750021,
    0.8070573310359347,
    0.9465049807618754,
    0.9348144032637876,
    0.9179615007576579,
    0.9193998312679202,
    0.9226321698507759,
    0.6228386802092516,
    0.937215284345125,
    0.9074813965555734,
    0.7717781885868457,
    0.9324808511847076,
    0.9404330497780943,
    0.7767753580974452,
    0.7874549786440221
  ]
}