{
  "model_type": "xgboost_behavioral_calibrated",
  "feature_keys": [
    "scriptCount",
    "scriptTotalLength",
    "hasPostinstall",
    "postinstallLength",
    "preinstallLength",
    "postuninstallLength",
    "networkScriptCount",
    "evalUsageCount",
    "childProcessCount",
    "fileSystemAccessCount",
    "base64DecodeCount",
    "obfuscationMarkerCount",
    "socketDnsCount",
    "dependencyCount",
    "devDependencyCount"
  ],
  "feature_schema_version": 1,
  "training_date": "2026-05-17T04:24:12.137307Z",
  "dataset_size": 235,
  "class_distribution": {
    "good": 35,
    "bad": 153
  },
  "imbalance_strategy": "oversample",
  "xgboost_params": {
    "n_estimators": 100,
    "max_depth": 6,
    "learning_rate": 0.1,
    "subsample": 0.9,
    "colsample_bytree": 0.9,
    "min_child_weight": 1,
    "random_state": 42,
    "eval_metric": "logloss"
  },
  "scale_pos_weight": 1.0,
  "metrics": {
    "accuracy": 0.7234,
    "precision": 0.8049,
    "recall": 0.8684,
    "roc_auc": 0.6199
  },
  "training_scores": [
    0.19655568845458946,
    0.13613079952369037,
    0.10840706788014631,
    0.20262391809105051,
    0.5470222880775341,
    0.13318862914331428,
    0.2451709844464626,
    0.2451709844464626,
    0.14154939510532985,
    0.14154939510532985,
    0.10855445288708625,
    0.09874403544926828,
    0.1023436025350225,
    0.14154939510532985,
    0.14543319955198092,
    0.1023436025350225,
    0.20262391809105051,
    0.1438074346495232,
    0.11096686598467065,
    0.09874403544926828,
    0.1269117014382086,
    0.09042642201969024,
    0.11310648629737392,
    0.09517207872324578,
    0.13613079952369037,
    0.10855445288708625,
    0.13088638214653317,
    0.20262391809105051,
    0.1883264808006636,
    0.17669814193923947,
    0.15078571023790455,
    0.1269117014382086,
    0.09046671711048432,
    0.1883264808006636,
    0.09438320466373162,
    0.1023436025350225,
    0.4211171457976153,
    0.11310648629737392,
    0.13088638214653317,
    0.10840706788014631,
    0.12212732812164863,
    0.09046671711048432,
    0.20699199898266216,
    0.15078571023790455,
    0.1023436025350225,
    0.29454327197838154,
    0.15078571023790455,
    0.19655568845458946,
    0.17669814193923947,
    0.09438320466373162,
    0.23857804882642478,
    0.42107598170569266,
    0.09046671711048432,
    0.18937883829712354,
    0.13613079952369037,
    0.10840706788014631,
    0.09046671711048432,
    0.13318862914331428,
    0.20262391809105051,
    0.09517207872324578,
    0.17669814193923947,
    0.14154939510532985,
    0.09438320466373162,
    0.1269117014382086,
    0.19655568845458946,
    0.13613079952369037,
    0.13946911168620094,
    0.1269117014382086,
    0.13088638214653317,
    0.1883264808006636,
    0.14154939510532985,
    0.13946911168620094,
    0.10840706788014631,
    0.14154939510532985,
    0.2451709844464626,
    0.20699199898266216,
    0.10840706788014631,
    0.12212732812164863,
    0.12212732812164863,
    0.1438074346495232,
    0.17429535621055348,
    0.11310648629737392,
    0.13088638214653317,
    0.1883264808006636,
    0.10840706788014631,
    0.11096686598467065,
    0.23857804882642478,
    0.1438074346495232,
    0.13318862914331428,
    0.14154939510532985,
    0.12212732812164863,
    0.09874403544926828,
    0.09042642201969024,
    0.12212732812164863,
    0.13946911168620094,
    0.12212732812164863,
    0.09046671711048432,
    0.10855445288708625,
    0.13946911168620094,
    0.17429535621055348,
    0.09438320466373162,
    0.09046671711048432,
    0.09042642201969024,
    0.1883264808006636,
    0.13613079952369037,
    0.13613079952369037,
    0.09438320466373162,
    0.3800371195383259,
    0.14779080284132728,
    0.14779080284132728,
    0.15078571023790455,
    0.14543319955198092,
    0.13318862914331428,
    0.13613079952369037,
    0.19655568845458946,
    0.3800371195383259,
    0.14779080284132728,
    0.13088638214653317,
    0.09874403544926828,
    0.11310648629737392,
    0.1023436025350225,
    0.29454327197838154,
    0.11310648629737392,
    0.11310648629737392,
    0.4211171457976153,
    0.14543319955198092,
    0.2451709844464626,
    0.11310648629737392,
    0.1269117014382086,
    0.1438074346495232,
    0.13946911168620094,
    0.09042642201969024,
    0.3800371195383259,
    0.10855445288708625,
    0.29454327197838154,
    0.10840706788014631,
    0.09042642201969024,
    0.1883264808006636,
    0.1438074346495232,
    0.14154939510532985,
    0.13613079952369037,
    0.14779080284132728,
    0.14779080284132728,
    0.14154939510532985,
    0.11096686598467065,
    0.1023436025350225,
    0.10855445288708625,
    0.20699199898266216,
    0.1023436025350225,
    0.1023436025350225,
    0.11310648629737392,
    0.13318862914331428,
    0.14779080284132728,
    0.9568602033448426,
    0.9491695594766697,
    0.7089293935569464,
    0.7866366909250178,
    0.9688845668646383,
    0.9390152240309337,
    0.9686748908883499,
    0.9689390994771682,
    0.9677096887155724,
    0.6371549958134604,
    0.9651886473623246,
    0.9024413839543493,
    0.9051614733250872,
    0.9686332619983317,
    0.9525867915037992,
    0.9689345019472461,
    0.9691446373678212,
    0.9640402222439564,
    0.937110112145441,
    0.9645268292487396,
    0.6781024612185399,
    0.9682113830857065,
    0.9146253906846286,
    0.9640491724081307,
    0.9687426501700772,
    0.9681826647635279,
    0.9495795007413433,
    0.9692719577975332,
    0.9676081094845622,
    0.9670116712390976,
    0.9683528625036414,
    0.5852752447034142,
    0.8589936460659735,
    0.7210834615585514,
    0.9672258907210335,
    0.9682206878272077,
    0.966742099331629,
    0.29454327197838154,
    0.9683478090112375,
    0.9689492265924186,
    0.9632797825913192,
    0.9669142360830708,
    0.9533509111217612,
    0.8489171381150554,
    0.9675011165908965,
    0.9599499846182709,
    0.9586707458000235,
    0.968730264848928,
    0.7012769476185851,
    0.9685574675270262,
    0.6317163956349213,
    0.9693036520918734,
    0.9682432759446883,
    0.9686234281062839,
    0.9601768717451091,
    0.9673037351202084,
    0.9346737018355914,
    0.9599972578662332,
    0.9694441720761767,
    0.8915125321015144,
    0.9693520601131653,
    0.9680961494305239,
    0.9655848255863179,
    0.8584913238055512,
    0.9656002503397122,
    0.9690724033898986,
    0.9672887623649175,
    0.6863808019767438,
    0.9685648427814119,
    0.9643028245252747,
    0.969587289200387,
    0.9680228155034506,
    0.7276807541728041,
    0.9652291263476092,
    0.9640118027639121,
    0.9676778932475288,
    0.7607736289369766,
    0.6639480917680187,
    0.9695327565385053,
    0.8622194106622665,
    0.9695526588387219,
    0.9652560153724394,
    0.966887034022383,
    0.6747227771372168,
    0.9396449324599482,
    0.969548400486333,
    0.9675766190605009,
    0.9692746338202082,
    0.9531817100140839,
    0.9692654392982144,
    0.9685235480876138,
    0.9675633537742371,
    0.9490690688063227,
    0.9621939503746587,
    0.9028643660640258,
    0.9683538974357263,
    0.14154939510532985,
    0.9683926936785276,
    0.9695470683750759,
    0.9618667275083888,
    0.9609550433329375,
    0.9691186707486418,
    0.9621939503746587,
    0.7098648535977965,
    0.9687535779144741,
    0.8507278895364371,
    0.9680705255658028,
    0.219029329464575,
    0.9684934517043325,
    0.9684640050420231,
    0.14779080284132728,
    0.9621419506320539,
    0.8211822242547614,
    0.9653714708708399,
    0.9694721425503853,
    0.9561979134228443,
    0.7915876869871085,
    0.9572822034579836,
    0.9373126818494603,
    0.7518912975911872,
    0.9687923421923078,
    0.9663434462866597,
    0.9040194101364866,
    0.9670095356037759,
    0.7482796226253821,
    0.9687167608613808,
    0.9582957725006458,
    0.9586792686490271,
    0.9026441181946749,
    0.9662074740461833,
    0.9618690239670075,
    0.8755010577400298,
