{
  "model_type": "xgboost_behavioral_calibrated",
  "feature_keys": [
    "scriptCount",
    "scriptTotalLength",
    "hasPostinstall",
    "postinstallLength",
    "preinstallLength",
    "postuninstallLength",
    "networkScriptCount",
    "evalUsageCount",
    "childProcessCount",
    "fileSystemAccessCount",
    "base64DecodeCount",
    "obfuscationMarkerCount",
    "socketDnsCount",
    "dependencyCount",
    "devDependencyCount"
  ],
  "feature_schema_version": 1,
  "training_date": "2026-06-23T17:14:40.426735Z",
  "dataset_size": 231,
  "class_distribution": {
    "good": 35,
    "bad": 149
  },
  "imbalance_strategy": "oversample",
  "xgboost_params": {
    "n_estimators": 100,
    "max_depth": 6,
    "learning_rate": 0.1,
    "subsample": 0.9,
    "colsample_bytree": 0.9,
    "min_child_weight": 1,
    "random_state": 42,
    "eval_metric": "logloss"
  },
  "scale_pos_weight": 1.0,
  "metrics": {
    "accuracy": 0.6809,
    "precision": 0.8108,
    "recall": 0.7895,
    "roc_auc": 0.6199
  },
  "training_scores": [
    0.35446174538798497,
    0.12359000164990719,
    0.12043050866402238,
    0.22756689387606377,
    0.46618814388842345,
    0.1504416774974609,
    0.1325856964697758,
    0.1325856964697758,
    0.10589355488538595,
    0.10589355488538595,
    0.11213195583012259,
    0.125797200633564,
    0.17862874921118102,
    0.10589355488538595,
    0.15951702320504083,
    0.17862874921118102,
    0.22756689387606377,
    0.2895724438518918,
    0.13142593048409143,
    0.125797200633564,
    0.2953213469529633,
    0.10773421586485703,
    0.11890770626459245,
    0.12290044432892477,
    0.12359000164990719,
    0.11213195583012259,
    0.16110877882214472,
    0.22756689387606377,
    0.14314210380721124,
    0.2199581664818754,
    0.2532061567963133,
    0.2953213469529633,
    0.13321530699219142,
    0.14314210380721124,
    0.11294444601525566,
    0.17862874921118102,
    0.42393747615984534,
    0.11890770626459245,
    0.16110877882214472,
    0.12043050866402238,
    0.12117957327363954,
    0.13321530699219142,
    0.24529395491898462,
    0.2532061567963133,
    0.17862874921118102,
    0.12700751246114814,
    0.2532061567963133,
    0.35446174538798497,
    0.2199581664818754,
    0.11294444601525566,
    0.4415086248843329,
    0.6131633647181508,
    0.13321530699219142,
    0.2905865618283065,
    0.12359000164990719,
    0.12043050866402238,
    0.13321530699219142,
    0.1504416774974609,
    0.22756689387606377,
    0.12290044432892477,
    0.2199581664818754,
    0.10589355488538595,
    0.11294444601525566,
    0.2953213469529633,
    0.35446174538798497,
    0.12359000164990719,
    0.12848300753403608,
    0.2953213469529633,
    0.16110877882214472,
    0.14314210380721124,
    0.10589355488538595,
    0.12848300753403608,
    0.12043050866402238,
    0.10589355488538595,
    0.1325856964697758,
    0.24529395491898462,
    0.12043050866402238,
    0.12117957327363954,
    0.12117957327363954,
    0.2895724438518918,
    0.3407878489237959,
    0.11890770626459245,
    0.16110877882214472,
    0.14314210380721124,
    0.12043050866402238,
    0.13142593048409143,
    0.4415086248843329,
    0.2895724438518918,
    0.1504416774974609,
    0.10589355488538595,
    0.12117957327363954,
    0.125797200633564,
    0.10773421586485703,
    0.12117957327363954,
    0.12848300753403608,
    0.12117957327363954,
    0.13321530699219142,
    0.11213195583012259,
    0.12848300753403608,
    0.3407878489237959,
    0.11294444601525566,
    0.13321530699219142,
    0.10773421586485703,
    0.14314210380721124,
    0.12359000164990719,
    0.12359000164990719,
    0.11294444601525566,
    0.3986238381063159,
    0.12623090516664712,
    0.12623090516664712,
    0.2532061567963133,
    0.15951702320504083,
    0.1504416774974609,
    0.12359000164990719,
    0.35446174538798497,
    0.3986238381063159,
    0.12623090516664712,
    0.16110877882214472,
    0.125797200633564,
    0.11890770626459245,
    0.17862874921118102,
    0.12700751246114814,
    0.11890770626459245,
    0.11890770626459245,
    0.42393747615984534,
    0.15951702320504083,
    0.1325856964697758,
    0.11890770626459245,
    0.2953213469529633,
    0.2895724438518918,
    0.12848300753403608,
    0.10773421586485703,
    0.3986238381063159,
    0.11213195583012259,
    0.12700751246114814,
    0.12043050866402238,
    0.10773421586485703,
    0.14314210380721124,
    0.2895724438518918,
    0.10589355488538595,
    0.12359000164990719,
    0.12623090516664712,
    0.12623090516664712,
    0.10589355488538595,
    0.13142593048409143,
    0.17862874921118102,
    0.11213195583012259,
    0.24529395491898462,
    0.17862874921118102,
    0.2532061567963133,
    0.664194606290509,
    0.9546583667753321,
    0.9522194761354358,
    0.8575808866031666,
    0.6578604405567796,
    0.9567176567130287,
    0.9559623765904312,
    0.9575036922620921,
    0.17862874921118102,
    0.951779215986067,
    0.9591418062944198,
    0.9187819615948882,
    0.9573593645457873,
    0.9520534097206185,
    0.5366924830398059,
    0.7384185085710921,
    0.9592894138859447,
    0.9581323771782225,
    0.9393381912124431,
    0.8771877197625022,
    0.9426676983139717,
    0.9572591039054409,
    0.9590943215003422,
    0.915928689737049,
    0.9583042133068259,
    0.892684424042525,
    0.937854054657065,
    0.9564259490934406,
    0.9527140820378271,
    0.9498317999347687,
    0.41191481386292866,
    0.6975606517985186,
    0.9409597882097515,
    0.9586182643343726,
    0.9504147718995443,
    0.2895724438518918,
    0.9587403682338316,
    0.9066298943980069,
    0.9480423526023718,
    0.9564978479050551,
    0.9555794203456879,
    0.8777574074490406,
    0.951997886956074,
    0.9589064247666573,
    0.94582726192318,
    0.9526028721232965,
    0.955441133153507,
    0.9541245264938824,
    0.9508466183160525,
    0.8209739747036976,
    0.9554461404527553,
    0.9585404695370174,
    0.9595674400486974,
    0.6768757959440282,
    0.947555672760013,
    0.9578014489709705,
    0.955104551900881,
    0.844017730047388,
    0.946127242743879,
    0.9563073583156236,
    0.9594907302564621,
    0.8823064529253576,
    0.9544473186610508,
    0.9423333086646978,
    0.7213150264423375,
    0.9170729766958851,
    0.9499545294549199,
    0.8966591436935015,
    0.9581841755461324,
    0.9567676694417436,
    0.9567519832392132,
    0.6013393831455726,
    0.9477925348388352,
    0.9581842200663923,
    0.8938535134420181,
    0.9420447664587757,
    0.8807946248369811,
    0.9583487012474441,
    0.9358292093633848,
    0.5249857271448833,
    0.9549587214872108,
    0.9026063390375961,
    0.9509179477547614,
    0.7664589029742089,
    0.6590431003526033,
    0.9480893855436948,
    0.959136089780445,
    0.9550942843276324,
    0.948452772366264,
    0.8682525598269052,
    0.9564560024268123,
    0.9442295396841104,
    0.7544221011768358,
    0.957712620507413,
    0.882336083555789,
    0.9579501097186593,
    0.9587801061740429,
    0.8921914151721392,
    0.942121457430723,
    0.752101037655701,
    0.9513264302329466,
    0.9582092507507093,
    0.896305809951309,
    0.9581410899870901,
    0.9374895907992444,
    0.8810717176122096,
    0.95913207538571,
    0.9361856497654752,
    0.9294660282835007,
    0.9575083600144975,
    0.659234427229823,
    0.7037818588482224,
    0.6614942669381668,
    0.7179642593190416,
    0.9498666785421034,
    0.6131633647181508,
    0.951579377402134,
    0.7070853753068659,
    0.6673187843964321,
    0.9146534258240303,
    0.9561037179634249,
    0.8272975550973074,
    0.7787816995692949,
    0.7352710906262669,
    0.2953213469529633,
    0.7724781386921507,
    0.93717241861108,
    0.950941163047125,
    0.9564889809309167,
    0.9531438591918859,
    0.8609080122023967,
    0.9565940484195162,
    0.9532362063830031,
    0.6578181505252086,
    0.9432750814416591,
    0.9491110785876072,
