{
  "model_type": "xgboost_behavioral_calibrated",
  "feature_keys": [
    "scriptCount",
    "scriptTotalLength",
    "hasPostinstall",
    "postinstallLength",
    "preinstallLength",
    "postuninstallLength",
    "networkScriptCount",
    "evalUsageCount",
    "childProcessCount",
    "fileSystemAccessCount",
    "base64DecodeCount",
    "obfuscationMarkerCount",
    "socketDnsCount",
    "dependencyCount",
    "devDependencyCount"
  ],
  "feature_schema_version": 1,
  "training_date": "2026-05-31T04:30:20.277067Z",
  "dataset_size": 231,
  "class_distribution": {
    "good": 35,
    "bad": 149
  },
  "imbalance_strategy": "oversample",
  "xgboost_params": {
    "n_estimators": 100,
    "max_depth": 6,
    "learning_rate": 0.1,
    "subsample": 0.9,
    "colsample_bytree": 0.9,
    "min_child_weight": 1,
    "random_state": 42,
    "eval_metric": "logloss"
  },
  "scale_pos_weight": 1.0,
  "metrics": {
    "accuracy": 0.7021,
    "precision": 0.8,
    "recall": 0.8421,
    "roc_auc": 0.6754
  },
  "training_scores": [
    0.1709678068120156,
    0.10158244464567634,
    0.08561342594710582,
    0.20048521330964897,
    0.49534698768829877,
    0.10538559262959539,
    0.09447810880565884,
    0.09447810880565884,
    0.13193935395247064,
    0.13193935395247064,
    0.20390986236755215,
    0.0749509746506584,
    0.08350919741702693,
    0.13193935395247064,
    0.09716193004020651,
    0.08350919741702693,
    0.20048521330964897,
    0.13347215824965955,
    0.10356548027398461,
    0.0749509746506584,
    0.24172671847063656,
    0.07360236323795308,
    0.0922737531744633,
    0.07914780370377002,
    0.10158244464567634,
    0.20390986236755215,
    0.09771643722792626,
    0.20048521330964897,
    0.09825635661066957,
    0.2118302738771046,
    0.27384074303565875,
    0.24172671847063656,
    0.07383475804969614,
    0.09825635661066957,
    0.0775744864707073,
    0.08350919741702693,
    0.32906086192919237,
    0.0922737531744633,
    0.09771643722792626,
    0.08561342594710582,
    0.08613274784264037,
    0.07383475804969614,
    0.2302914606368767,
    0.27384074303565875,
    0.08350919741702693,
    0.15708070853859502,
    0.27384074303565875,
    0.1709678068120156,
    0.2118302738771046,
    0.0775744864707073,
    0.3972462058002022,
    0.7176279606246091,
    0.07383475804969614,
    0.16490842571859596,
    0.10158244464567634,
    0.08561342594710582,
    0.07383475804969614,
    0.10538559262959539,
    0.20048521330964897,
    0.07914780370377002,
    0.2118302738771046,
    0.13193935395247064,
    0.0775744864707073,
    0.24172671847063656,
    0.1709678068120156,
    0.10158244464567634,
    0.08331215657258854,
    0.24172671847063656,
    0.09771643722792626,
    0.09825635661066957,
    0.13193935395247064,
    0.08331215657258854,
    0.08561342594710582,
    0.13193935395247064,
    0.09447810880565884,
    0.2302914606368767,
    0.08561342594710582,
    0.08613274784264037,
    0.08613274784264037,
    0.13347215824965955,
    0.36805166308734094,
    0.0922737531744633,
    0.09771643722792626,
    0.09825635661066957,
    0.08561342594710582,
    0.10356548027398461,
    0.3972462058002022,
    0.13347215824965955,
    0.10538559262959539,
    0.13193935395247064,
    0.08613274784264037,
    0.0749509746506584,
    0.07360236323795308,
    0.08613274784264037,
    0.08331215657258854,
    0.08613274784264037,
    0.07383475804969614,
    0.20390986236755215,
    0.08331215657258854,
    0.36805166308734094,
    0.0775744864707073,
    0.07383475804969614,
    0.07360236323795308,
    0.09825635661066957,
    0.10158244464567634,
    0.10158244464567634,
    0.0775744864707073,
    0.38324083671002845,
    0.08204052702192478,
    0.08204052702192478,
    0.27384074303565875,
    0.09716193004020651,
    0.10538559262959539,
    0.10158244464567634,
    0.1709678068120156,
    0.38324083671002845,
    0.08204052702192478,
    0.09771643722792626,
    0.0749509746506584,
    0.0922737531744633,
    0.08350919741702693,
    0.15708070853859502,
    0.0922737531744633,
    0.0922737531744633,
    0.32906086192919237,
    0.09716193004020651,
    0.09447810880565884,
    0.0922737531744633,
    0.24172671847063656,
    0.13347215824965955,
    0.08331215657258854,
    0.07360236323795308,
    0.38324083671002845,
    0.20390986236755215,
    0.15708070853859502,
    0.08561342594710582,
    0.07360236323795308,
    0.09825635661066957,
    0.13347215824965955,
    0.13193935395247064,
    0.10158244464567634,
    0.08204052702192478,
    0.08204052702192478,
    0.13193935395247064,
    0.10356548027398461,
    0.08350919741702693,
    0.20390986236755215,
    0.2302914606368767,
    0.08350919741702693,
    0.9529594592042255,
    0.9576974525145369,
    0.9545469523823217,
    0.9479178562302794,
    0.6843757753267544,
    0.9579761677792136,
    0.952668743498076,
    0.6133513504916718,
    0.7983170187178626,
    0.9570145080456857,
    0.9580932432554677,
    0.6111044258558914,
    0.5103020559825532,
    0.9569814733291073,
    0.9568934307817463,
    0.9551276150981746,
    0.9538101055599917,
    0.9351511170684468,
    0.27384074303565875,
    0.9537986068534808,
    0.91239255195798,
    0.9257439132233017,
    0.9523447627765607,
    0.949308270965083,
    0.20390986236755215,
    0.9568752992564119,
    0.8558188965537328,
    0.9493657447207612,
    0.6078389861398009,
    0.9370001880335385,
    0.9494080722224588,
    0.7056832053083083,
    0.9584588402314144,
    0.9473986138671703,
    0.9362166217130449,
    0.9368283063624108,
    0.5654622073058421,
    0.9522330449824897,
    0.9583393031301126,
    0.9343635346579761,
    0.9558855023666167,
    0.785559918715372,
    0.9141860682329824,
    0.8901182659124697,
    0.7380935905572739,
    0.858317094411455,
    0.6668093134235348,
    0.9492200615971971,
    0.8906092516247437,
    0.9570951679629017,
    0.7218998605845067,
    0.7176279606246091,
    0.9582824234463055,
    0.9549933647409622,
    0.952554722985257,
    0.13193935395247064,
    0.9246210261088734,
    0.9561063092601207,
    0.7308182307185106,
    0.8775875233051887,
    0.639067898578013,
    0.9574487317755275,
    0.9448977103573465,
    0.9562076838110668,
    0.9566330328393818,
    0.9412214955151416,
    0.659156543127159,
    0.9549480868858916,
    0.958402703243058,
    0.5772009936957533,
    0.9405928193092965,
    0.9565868617152877,
    0.9568862964779367,
    0.9549948404975973,
    0.9336035462856831,
    0.954689477796313,
    0.9519895692612307,
    0.9552378620582491,
    0.958438442423683,
    0.9501031923681887,
    0.9558964621003779,
    0.5312802560819091,
    0.7125285996158368,
    0.9557348591699952,
    0.9441135333983534,
    0.9239264975397873,
    0.903465726335179,
    0.7270224543694086,
    0.9526470695952307,
    0.9393336924441984,
    0.9551646935637995,
    0.924853861031622,
    0.9554813142845237,
    0.9589659899983797,
    0.9572836898092055,
    0.9568539488694703,
    0.9334290212568573,
    0.9562573248524157,
    0.9567798503473117,
    0.9568457079862064,
    0.8063472296292872,
    0.9563150593544641,
    0.9571867321386621,
    0.9264537124830521,
    0.9321335725842405,
    0.9532214611044639,
    0.920555994288628,
    0.9506865604378056,
    0.9548085625493222,
    0.9554704605002841,
    0.9569367846232241,
    0.9501525893602828,
    0.9529411662619386,
    0.9569274236069432,
    0.7751626338568518,
    0.9174001240053998,
    0.7233194986135204,
    0.9496621470694141,
    0.946711465248323,
    0.9535128130113747,
    0.9545790142556377,
    0.37344066154460437,
    0.9517084602451281,
    0.9519613968906033,
    0.9562994832777972,
    0.9585243604506459,
    0.9549709823548062,
    0.9407690488625957,
    0.9566605515413679,
    0.9539434591839239,
    0.9399377867794735,
    0.9572836898092055,
    0.9563303490192364,
    0.9278595437719589,
    0.8070507059646101,
    0.9504571440936797,
