{
  "model_type": "xgboost_behavioral_calibrated",
  "feature_keys": [
    "scriptCount",
    "scriptTotalLength",
    "hasPostinstall",
    "postinstallLength",
    "preinstallLength",
    "postuninstallLength",
    "networkScriptCount",
    "evalUsageCount",
    "childProcessCount",
    "fileSystemAccessCount",
    "base64DecodeCount",
    "obfuscationMarkerCount",
    "socketDnsCount",
    "dependencyCount",
    "devDependencyCount"
  ],
  "feature_schema_version": 1,
  "training_date": "2026-05-03T04:18:46.776388Z",
  "dataset_size": 210,
  "class_distribution": {
    "good": 35,
    "bad": 133
  },
  "imbalance_strategy": "oversample",
  "xgboost_params": {
    "n_estimators": 100,
    "max_depth": 6,
    "learning_rate": 0.1,
    "subsample": 0.9,
    "colsample_bytree": 0.9,
    "min_child_weight": 1,
    "random_state": 42,
    "eval_metric": "logloss"
  },
  "scale_pos_weight": 1.0,
  "metrics": {
    "accuracy": 0.7619,
    "precision": 0.8108,
    "recall": 0.9091,
    "roc_auc": 0.6768
  },
  "training_scores": [
    0.23282808238037886,
    0.11497788502515716,
    0.1065183813439818,
    0.11816962151994663,
    0.5836398953319947,
    0.11875403957949504,
    0.16312197303801254,
    0.16312197303801254,
    0.14743421026466963,
    0.14743421026466963,
    0.40493310430565094,
    0.373434239388496,
    0.11921959384781451,
    0.14743421026466963,
    0.236081942269174,
    0.11921959384781451,
    0.11816962151994663,
    0.17327266235189676,
    0.30494894832019537,
    0.373434239388496,
    0.1264001697467241,
    0.15071232629602246,
    0.16320481624785468,
    0.410193008781455,
    0.11497788502515716,
    0.40493310430565094,
    0.12174652557692306,
    0.11816962151994663,
    0.11786081478585203,
    0.3629674574275703,
    0.12631829207434894,
    0.1264001697467241,
    0.14476310516535187,
    0.11786081478585203,
    0.14769871999523623,
    0.11921959384781451,
    0.17935082011973177,
    0.16320481624785468,
    0.12174652557692306,
    0.1065183813439818,
    0.13482756849465405,
    0.14476310516535187,
    0.39576249802057367,
    0.12631829207434894,
    0.11921959384781451,
    0.32254338312165315,
    0.12631829207434894,
    0.23282808238037886,
    0.3629674574275703,
    0.14769871999523623,
    0.40198813124877847,
    0.7059042907676892,
    0.14476310516535187,
    0.40657986408994695,
    0.11497788502515716,
    0.1065183813439818,
    0.14476310516535187,
    0.11875403957949504,
    0.11816962151994663,
    0.410193008781455,
    0.3629674574275703,
    0.14743421026466963,
    0.14769871999523623,
    0.1264001697467241,
    0.23282808238037886,
    0.11497788502515716,
    0.14355425314242828,
    0.1264001697467241,
    0.12174652557692306,
    0.11786081478585203,
    0.14743421026466963,
    0.14355425314242828,
    0.1065183813439818,
    0.14743421026466963,
    0.16312197303801254,
    0.39576249802057367,
    0.1065183813439818,
    0.13482756849465405,
    0.13482756849465405,
    0.17327266235189676,
    0.24828471606373423,
    0.16320481624785468,
    0.12174652557692306,
    0.11786081478585203,
    0.1065183813439818,
    0.30494894832019537,
    0.40198813124877847,
    0.17327266235189676,
    0.11875403957949504,
    0.14743421026466963,
    0.13482756849465405,
    0.373434239388496,
    0.15071232629602246,
    0.13482756849465405,
    0.14355425314242828,
    0.13482756849465405,
    0.14476310516535187,
    0.40493310430565094,
    0.14355425314242828,
    0.24828471606373423,
    0.14769871999523623,
    0.14476310516535187,
    0.15071232629602246,
    0.11786081478585203,
    0.11497788502515716,
    0.11497788502515716,
    0.14769871999523623,
    0.340503034518483,
    0.21422442225853514,
    0.21422442225853514,
    0.12631829207434894,
    0.236081942269174,
    0.11875403957949504,
    0.11497788502515716,
    0.23282808238037886,
    0.340503034518483,
    0.21422442225853514,
    0.12174652557692306,
    0.373434239388496,
    0.16320481624785468,
    0.11921959384781451,
    0.32254338312165315,
    0.16320481624785468,
    0.16320481624785468,
    0.17935082011973177,
    0.236081942269174,
    0.16312197303801254,
    0.16320481624785468,
    0.1264001697467241,
    0.17327266235189676,
    0.14355425314242828,
    0.15071232629602246,
    0.340503034518483,
    0.9548765447744527,
    0.9539857222960904,
    0.9468023741790331,
    0.9403222188775858,
    0.6258977695790269,
    0.9538752641534001,
    0.953074865382912,
    0.9509551349955361,
    0.7298642690671087,
    0.9489579995144131,
    0.6051239871510258,
    0.8993837874664536,
    0.9438954861328676,
    0.9501716177814815,
    0.9400971438519945,
    0.6644770300147705,
    0.9551532403968713,
    0.9426612967410302,
    0.9461367735325968,
    0.9534653800717026,
    0.877594775581779,
    0.9488636518028205,
    0.7973520936649314,
    0.9286054177709538,
    0.717439508646911,
    0.9516531720837667,
    0.9519010278292609,
    0.9520391170922903,
    0.6211434182908205,
    0.8496822006207913,
    0.9312524860154824,
    0.9492948523315407,
    0.6672524208335626,
    0.9290446889314651,
    0.9321822263254732,
    0.9540004735145121,
    0.9491740968425871,
    0.9529247882374702,
    0.8413597945076307,
    0.954596828493902,
    0.9513195613359988,
    0.6948330675933111,
    0.9541777439635114,
    0.9483601939294845,
    0.9480173927659773,
    0.911481640509559,
    0.9057149687104075,
    0.71209343566633,
    0.9460215355483096,
    0.8673812155027797,
    0.9225621240924454,
    0.9375444009724242,
    0.6509399281253967,
    0.9533270899824015,
    0.849580326222922,
    0.9539333582846427,
    0.9360702906542441,
    0.9536639554906201,
    0.39576249802057367,
    0.9063972404459312,
    0.941628082412073,
    0.904613053517752,
    0.9356783440099431,
    0.727687486237464,
    0.9511398372582067,
    0.9544534646010088,
    0.6858151935160147,
    0.8005461773248634,
    0.9280471868375253,
    0.9496322632453152,
    0.373434239388496,
    0.9116039786538078,
    0.9145412975676098,
    0.9345165496323414,
    0.947438602796503,
    0.9314009204528245,
    0.9541080664667145,
    0.8364595324245655,
    0.9378693205641954,
    0.340503034518483,
    0.599528499198037,
    0.6995382345862412,
    0.9103766209794734,
    0.7742383753322372,
    0.9482417675225197,
    0.9458116542265689,
    0.7212140660134913,
    0.9467101141437064,
    0.9525239791317496,
    0.7218829657559606,
    0.9500252871227054,
    0.9542234930172979,
    0.16320481624785468,
    0.9493933404789542,
    0.40493310430565094,
    0.9500479033698782,
    0.9521845916512589,
    0.953355827227035,
    0.9268824092965184,
    0.9463942267921904,
    0.7342968668062144,
    0.9293971256284651,
    0.9514581022019112,
    0.8496501420908308,
    0.937290760944205,
    0.9492731110763235,
    0.9018545668234625,
    0.9419858419408357,
    0.9390711669376474,
    0.9507445714052558,
    0.5516762772939868,
    0.9445750198498563,
    0.4513255035402764,
    0.9548621154850183,
    0.7137082952245906,
    0.9375213386076228,
    0.9538863511296608,
    0.9208738284773804,
    0.6162477552702387,
    0.9281554453342178,
    0.9483838783341603,
    0.9403602087464177,
    0.925370399751183,
    0.7059042907676892,
    0.9546663838063855,
    0.6802808729432183,
    0.9372282084868662,
    0.9461122093753179,
    0.9525602867906326,
    0.23282808238037886,
    0.410193008781455,
    0.788079550636038,
    0.9476384810902408
  ]
}