{
  "model_type": "xgboost_behavioral_calibrated",
  "feature_keys": [
    "scriptCount",
    "scriptTotalLength",
    "hasPostinstall",
    "postinstallLength",
    "preinstallLength",
    "postuninstallLength",
    "networkScriptCount",
    "evalUsageCount",
    "childProcessCount",
    "fileSystemAccessCount",
    "base64DecodeCount",
    "obfuscationMarkerCount",
    "socketDnsCount",
    "dependencyCount",
    "devDependencyCount"
  ],
  "feature_schema_version": 1,
  "training_date": "2026-06-14T04:30:32.311335Z",
  "dataset_size": 229,
  "class_distribution": {
    "good": 35,
    "bad": 148
  },
  "imbalance_strategy": "oversample",
  "xgboost_params": {
    "n_estimators": 100,
    "max_depth": 6,
    "learning_rate": 0.1,
    "subsample": 0.9,
    "colsample_bytree": 0.9,
    "min_child_weight": 1,
    "random_state": 42,
    "eval_metric": "logloss"
  },
  "scale_pos_weight": 1.0,
  "metrics": {
    "accuracy": 0.587,
    "precision": 0.7647,
    "recall": 0.7027,
    "roc_auc": 0.5315
  },
  "training_scores": [
    0.27923053883640003,
    0.10224091287156212,
    0.09988087705286708,
    0.21345529827927553,
    0.3787733565433577,
    0.1145540045268111,
    0.10765434609103919,
    0.10765434609103919,
    0.08070855559155925,
    0.08070855559155925,
    0.19048052160744547,
    0.08752546516224874,
    0.09182491298731715,
    0.08070855559155925,
    0.13517715058576832,
    0.09182491298731715,
    0.21345529827927553,
    0.14362792820509293,
    0.08792828616952754,
    0.08752546516224874,
    0.19295372941339148,
    0.10809041950160576,
    0.08078798063780172,
    0.08224721592807893,
    0.10224091287156212,
    0.19048052160744547,
    0.0969203433877265,
    0.21345529827927553,
    0.10289358443684664,
    0.2536967142442177,
    0.232864185791724,
    0.19295372941339148,
    0.08051152109433157,
    0.10289358443684664,
    0.08198741922351546,
    0.09182491298731715,
    0.33090600845093093,
    0.08078798063780172,
    0.0969203433877265,
    0.09988087705286708,
    0.09307879350571042,
    0.08051152109433157,
    0.21896142508197766,
    0.232864185791724,
    0.09182491298731715,
    0.1282179902514141,
    0.232864185791724,
    0.27923053883640003,
    0.2536967142442177,
    0.08198741922351546,
    0.39715343032876144,
    0.34751567751280316,
    0.08051152109433157,
    0.08487036157472576,
    0.10224091287156212,
    0.09988087705286708,
    0.08051152109433157,
    0.1145540045268111,
    0.21345529827927553,
    0.08224721592807893,
    0.2536967142442177,
    0.08070855559155925,
    0.08198741922351546,
    0.19295372941339148,
    0.27923053883640003,
    0.10224091287156212,
    0.2713584341320959,
    0.19295372941339148,
    0.0969203433877265,
    0.10289358443684664,
    0.08070855559155925,
    0.2713584341320959,
    0.09988087705286708,
    0.08070855559155925,
    0.10765434609103919,
    0.21896142508197766,
    0.09988087705286708,
    0.09307879350571042,
    0.09307879350571042,
    0.14362792820509293,
    0.23605707779024712,
    0.08078798063780172,
    0.0969203433877265,
    0.10289358443684664,
    0.09988087705286708,
    0.08792828616952754,
    0.39715343032876144,
    0.14362792820509293,
    0.1145540045268111,
    0.08070855559155925,
    0.09307879350571042,
    0.08752546516224874,
    0.10809041950160576,
    0.09307879350571042,
    0.2713584341320959,
    0.09307879350571042,
    0.08051152109433157,
    0.19048052160744547,
    0.2713584341320959,
    0.23605707779024712,
    0.08198741922351546,
    0.08051152109433157,
    0.10809041950160576,
    0.10289358443684664,
    0.10224091287156212,
    0.10224091287156212,
    0.08198741922351546,
    0.3961207302395193,
    0.09133392201098652,
    0.09133392201098652,
    0.232864185791724,
    0.13517715058576832,
    0.1145540045268111,
    0.10224091287156212,
    0.27923053883640003,
    0.3961207302395193,
    0.09133392201098652,
    0.0969203433877265,
    0.08752546516224874,
    0.08078798063780172,
    0.09182491298731715,
    0.1282179902514141,
    0.08078798063780172,
    0.08078798063780172,
    0.33090600845093093,
    0.13517715058576832,
    0.10765434609103919,
    0.08078798063780172,
    0.19295372941339148,
    0.14362792820509293,
    0.2713584341320959,
    0.10809041950160576,
    0.3961207302395193,
    0.19048052160744547,
    0.1282179902514141,
    0.09988087705286708,
    0.10809041950160576,
    0.10289358443684664,
    0.14362792820509293,
    0.08070855559155925,
    0.10224091287156212,
    0.09133392201098652,
    0.09133392201098652,
    0.08070855559155925,
    0.08792828616952754,
    0.09182491298731715,
    0.19048052160744547,
    0.21896142508197766,
    0.9635309974063091,
    0.7668525803296006,
    0.6772381852202267,
    0.9579513632118446,
    0.947652192620429,
    0.9584464017314337,
    0.9351554064318367,
    0.19295372941339148,
    0.5897880078884451,
    0.9591617077447744,
    0.9653859686360362,
    0.9622257220889182,
    0.9650519251232184,
    0.9544623925403256,
    0.19048052160744547,
    0.7403410095896366,
    0.6259515138581971,
    0.963820334210458,
    0.9604163006701332,
    0.9248596948199376,
    0.9191899076526145,
    0.9552225816354731,
    0.9333241470459397,
    0.9610069874491347,
    0.9635036599529555,
    0.963190072565319,
    0.946486654363729,
    0.9647793817616795,
    0.9593573618683773,
    0.8325292122272674,
    0.5548121982824922,
    0.9571782396868956,
    0.9615583492726163,
    0.9550469058241321,
    0.2713584341320959,
    0.232864185791724,
    0.5892572159763226,
    0.6706707617630395,
    0.9628447837703115,
    0.9654598830244195,
    0.6444403925462013,
    0.9599923985531912,
    0.9650549039786704,
    0.9627782991123933,
    0.9654175814453457,
    0.9648121041270145,
    0.9626975038667901,
    0.9634020726106041,
    0.9592238359301536,
    0.9518251441201261,
    0.649551124892374,
    0.9628657510910507,
    0.9546654374080729,
    0.9638543070668018,
    0.9472726731850641,
    0.9655042175079948,
    0.9641197489712896,
    0.9530749410985485,
    0.9622869679593853,
    0.7951276339118932,
    0.9497842217440903,
    0.9655181718178155,
    0.8393430487355498,
    0.9413921495956893,
    0.9547553691792476,
    0.8765896454169925,
    0.9636069670305095,
    0.8043934446941584,
    0.8731201881854781,
    0.9569790208092638,
    0.9523048305770311,
    0.9640801686188984,
    0.9569088474495482,
    0.9375805881849878,
    0.8605725796604098,
    0.954715375293997,
    0.9629367241524821,
    0.9270342874288486,
    0.7893056587570034,
    0.8311297284915752,
    0.8783125684020058,
    0.8443114624348689,
    0.9569788096021657,
    0.9653096836951441,
    0.9629878067019028,
    0.4681998843145405,
    0.9606503566023057,
    0.9627156314665862,
    0.9270379199759708,
    0.9179555785013099,
    0.9653491989253045,
    0.9538185786086494,
    0.7304319187227266,
    0.574676249104041,
    0.958262311965317,
    0.9411995450388101,
    0.89251059910989,
    0.9629054085246723,
    0.9640849080415396,
    0.6752271422339454,
    0.9576389488277889,
    0.9645966045936062,
    0.9082107665660936,
    0.9653259826886242,
    0.5778453014386205,
    0.9590712628877642,
    0.9619407568302293,
    0.9655373880024839,
    0.9418705120349401,
    0.9315911048396126,
    0.9344190770443802,
    0.9649692864636806,
    0.9603955756120633,
    0.964137329016784,
    0.9654613640572057,
    0.9594023624735967,
    0.9119072314837467,
    0.9602332729162302,
    0.9604741144605021,
    0.870298387962179,
    0.9651485928737727,
    0.9649036959047542,
    0.9638729625037188,
    0.963587689261872,
    0.9479682411519678,
    0.879866802342153,
    0.9654598830244195,
    0.9643156365033051,
    0.9087375894936067,
    0.9655667159564981,
    0.7564521513274337,
    0.9500799971844526,
    0.9623923954884833,
    0.9649898299996825,
    0.9359263484669743,
    0.9587824728831595,
    0.9633940337808529,
