{
  "model_type": "xgboost_behavioral_calibrated",
  "feature_keys": [
    "scriptCount",
    "scriptTotalLength",
    "hasPostinstall",
    "postinstallLength",
    "preinstallLength",
    "postuninstallLength",
    "networkScriptCount",
    "evalUsageCount",
    "childProcessCount",
    "fileSystemAccessCount",
    "base64DecodeCount",
    "obfuscationMarkerCount",
    "socketDnsCount",
    "dependencyCount",
    "devDependencyCount"
  ],
  "feature_schema_version": 1,
  "training_date": "2026-06-21T04:30:56.309690Z",
  "dataset_size": 231,
  "class_distribution": {
    "good": 35,
    "bad": 149
  },
  "imbalance_strategy": "oversample",
  "xgboost_params": {
    "n_estimators": 100,
    "max_depth": 6,
    "learning_rate": 0.1,
    "subsample": 0.9,
    "colsample_bytree": 0.9,
    "min_child_weight": 1,
    "random_state": 42,
    "eval_metric": "logloss"
  },
  "scale_pos_weight": 1.0,
  "metrics": {
    "accuracy": 0.7447,
    "precision": 0.8421,
    "recall": 0.8421,
    "roc_auc": 0.6228
  },
  "training_scores": [
    0.2823881689817465,
    0.13402106399822597,
    0.14720049532221038,
    0.19451373830893,
    0.22330631945782972,
    0.15785477550133606,
    0.1545682060422073,
    0.1545682060422073,
    0.12362941942119943,
    0.12362941942119943,
    0.14700545127571354,
    0.157823833009303,
    0.21866475553309428,
    0.12362941942119943,
    0.14456559584408765,
    0.21866475553309428,
    0.19451373830893,
    0.27532916395220797,
    0.13940572207320812,
    0.157823833009303,
    0.19063965592228896,
    0.18967931501649735,
    0.13951021593646795,
    0.1353121934323086,
    0.13402106399822597,
    0.14700545127571354,
    0.15924007295727255,
    0.19451373830893,
    0.15364503240060048,
    0.23030473543461458,
    0.3323152336423263,
    0.19063965592228896,
    0.11916041325513822,
    0.15364503240060048,
    0.12346406713171465,
    0.21866475553309428,
    0.4546954054405181,
    0.13951021593646795,
    0.15924007295727255,
    0.14720049532221038,
    0.14384145856531982,
    0.11916041325513822,
    0.27119229974774184,
    0.3323152336423263,
    0.21866475553309428,
    0.40904196919032376,
    0.3323152336423263,
    0.2823881689817465,
    0.23030473543461458,
    0.12346406713171465,
    0.41418111348940556,
    0.6021256824332469,
    0.11916041325513822,
    0.28832591131659674,
    0.13402106399822597,
    0.14720049532221038,
    0.11916041325513822,
    0.15785477550133606,
    0.19451373830893,
    0.1353121934323086,
    0.23030473543461458,
    0.12362941942119943,
    0.12346406713171465,
    0.19063965592228896,
    0.2823881689817465,
    0.13402106399822597,
    0.14859571391515872,
    0.19063965592228896,
    0.15924007295727255,
    0.15364503240060048,
    0.12362941942119943,
    0.14859571391515872,
    0.14720049532221038,
    0.12362941942119943,
    0.1545682060422073,
    0.27119229974774184,
    0.14720049532221038,
    0.14384145856531982,
    0.14384145856531982,
    0.27532916395220797,
    0.40028814888227576,
    0.13951021593646795,
    0.15924007295727255,
    0.15364503240060048,
    0.14720049532221038,
    0.13940572207320812,
    0.41418111348940556,
    0.27532916395220797,
    0.15785477550133606,
    0.12362941942119943,
    0.14384145856531982,
    0.157823833009303,
    0.18967931501649735,
    0.14384145856531982,
    0.14859571391515872,
    0.14384145856531982,
    0.11916041325513822,
    0.14700545127571354,
    0.14859571391515872,
    0.40028814888227576,
    0.12346406713171465,
    0.11916041325513822,
    0.18967931501649735,
    0.15364503240060048,
    0.13402106399822597,
    0.13402106399822597,
    0.12346406713171465,
    0.40007996395629686,
    0.15412956734349487,
    0.15412956734349487,
    0.3323152336423263,
    0.14456559584408765,
    0.15785477550133606,
    0.13402106399822597,
    0.2823881689817465,
    0.40007996395629686,
    0.15412956734349487,
    0.15924007295727255,
    0.157823833009303,
    0.13951021593646795,
    0.21866475553309428,
    0.40904196919032376,
    0.13951021593646795,
    0.13951021593646795,
    0.4546954054405181,
    0.14456559584408765,
    0.1545682060422073,
    0.13951021593646795,
    0.19063965592228896,
    0.27532916395220797,
    0.14859571391515872,
    0.18967931501649735,
    0.40007996395629686,
    0.14700545127571354,
    0.40904196919032376,
    0.14720049532221038,
    0.18967931501649735,
    0.15364503240060048,
    0.27532916395220797,
    0.12362941942119943,
    0.13402106399822597,
    0.15412956734349487,
    0.15412956734349487,
    0.12362941942119943,
    0.13940572207320812,
    0.21866475553309428,
    0.14700545127571354,
    0.27119229974774184,
    0.21866475553309428,
    0.9450299007286102,
    0.936674847149695,
    0.9442319804247087,
    0.941599148458606,
    0.9267517516571159,
    0.9139049911903377,
    0.6880481103250826,
    0.944617270829548,
    0.9431900910804938,
    0.9250152813710472,
    0.9425746594575997,
    0.9450075834736995,
    0.9421929169511154,
    0.945119221024404,
    0.943881442990634,
    0.6559429740257051,
    0.7172880840178001,
    0.9315080220367552,
    0.9280363752737841,
    0.9442820482585598,
    0.9430743436564235,
    0.936183537674879,
    0.9152803758921871,
    0.9296456640062591,
    0.9299248677070452,
    0.9445111564818601,
    0.9453407932806034,
    0.943391062027782,
    0.9430728600979817,
    0.6390536997243631,
    0.9439499352929251,
    0.9382315560520494,
    0.5705456439610882,
    0.9305430396925757,
    0.4187325195448077,
    0.9069830794107526,
    0.9454498156855969,
    0.945199431052572,
    0.613236052585226,
    0.7746677637203708,
    0.9421264415282161,
    0.9006111103146645,
    0.9433138431350904,
    0.9435960135846493,
    0.9369465597150377,
    0.9378850934671866,
    0.8983741974534932,
    0.6327984730800166,
    0.9386964674107139,
    0.921990418591171,
    0.7916512258427865,
    0.6353201043619782,
    0.8815686232838665,
    0.9424004437866834,
    0.9445205696105763,
    0.9374818681434856,
    0.9439830692825456,
    0.9240269961198324,
    0.9287960460181028,
    0.8129556796516207,
    0.9370034408943164,
    0.6941082047789432,
    0.8834160799568617,
    0.9439983059561267,
    0.93710353516139,
    0.7233246223444861,
    0.6355585867422746,
    0.9383555606157629,
    0.8957933184417944,
    0.9435166212807444,
    0.7031413248713921,
    0.9406378198636611,
    0.9427479148542336,
    0.40904196919032376,
    0.9156112910426902,
    0.9440941064093882,
    0.8479586753107947,
    0.944223147145609,
    0.9444458279131872,
    0.8119814030907141,
    0.9436148905058709,
    0.9441953444911326,
    0.9446760951140402,
    0.9435221637195251,
    0.9115854950059729,
    0.9450536673950278,
    0.9294987421823034,
    0.6958804575404337,
    0.9389522294878786,
    0.9446577143543237,
    0.27532916395220797,
    0.8839667673190741,
    0.9163562559945241,
    0.3323152336423263,
    0.8643572749209413,
    0.9246215516476265,
    0.8962205662138597,
    0.9440942453218185,
    0.9414830173670693,
    0.7791768008935193,
    0.9434937120436296,
    0.9088507600793175,
    0.5851530768161218,
    0.9420268247599984,
    0.9450612483306057,
    0.893796629242703,
    0.9221752096681947,
    0.6664348566095102,
    0.9003191589375161,
    0.7761213786558386,
    0.9446342571569493,
    0.9183122908654132,
    0.6021256824332469,
    0.9138444222160262,
    0.9407678225810295,
    0.676506175588099,
    0.7101526333564262,
    0.9401246992892106,
    0.9235904576738853,
    0.7191462318683445,
    0.934113231799747,
    0.9238768631228195,
    0.9056477838015703,
    0.8408696106413988,
    0.8749067045529276,
    0.9299519782435594,
    0.9310641151256158,
    0.714205876502664,
    0.8988079876340448,
    0.9316387575655075,
    0.9035266384945814,
    0.21866475553309428,
    0.18967931501649735,
    0.9181492959379908,
    0.9370355501590089,
    0.9335155804098222,
