{
  "model_type": "xgboost_behavioral_calibrated",
  "feature_keys": [
    "scriptCount",
    "scriptTotalLength",
    "hasPostinstall",
    "postinstallLength",
    "preinstallLength",
    "postuninstallLength",
    "networkScriptCount",
    "evalUsageCount",
    "childProcessCount",
    "fileSystemAccessCount",
    "base64DecodeCount",
    "obfuscationMarkerCount",
    "socketDnsCount",
    "dependencyCount",
    "devDependencyCount"
  ],
  "feature_schema_version": 1,
  "training_date": "2026-05-10T04:21:17.279438Z",
  "dataset_size": 235,
  "class_distribution": {
    "good": 35,
    "bad": 153
  },
  "imbalance_strategy": "oversample",
  "xgboost_params": {
    "n_estimators": 100,
    "max_depth": 6,
    "learning_rate": 0.1,
    "subsample": 0.9,
    "colsample_bytree": 0.9,
    "min_child_weight": 1,
    "random_state": 42,
    "eval_metric": "logloss"
  },
  "scale_pos_weight": 1.0,
  "metrics": {
    "accuracy": 0.6809,
    "precision": 0.8108,
    "recall": 0.7895,
    "roc_auc": 0.5643
  },
  "training_scores": [
    0.3186628156399846,
    0.09229643251866138,
    0.09504040584300139,
    0.22898214137767917,
    0.4817492470766929,
    0.11120364123799083,
    0.10860414682692403,
    0.10860414682692403,
    0.08377464250177687,
    0.08377464250177687,
    0.19235298526523417,
    0.09727961030656496,
    0.1485096026629439,
    0.08377464250177687,
    0.1113145154444483,
    0.1485096026629439,
    0.22898214137767917,
    0.11224145658804004,
    0.11225610141706495,
    0.09727961030656496,
    0.09470009933268592,
    0.17048859373675485,
    0.09210912558080664,
    0.11258732598992287,
    0.09229643251866138,
    0.19235298526523417,
    0.10532230954988482,
    0.22898214137767917,
    0.1790690470697769,
    0.1899880990523923,
    0.12470869931302571,
    0.09470009933268592,
    0.08159656711193301,
    0.1790690470697769,
    0.20999238674973508,
    0.1485096026629439,
    0.29710039393937054,
    0.09210912558080664,
    0.10532230954988482,
    0.09504040584300139,
    0.16968610942404416,
    0.08159656711193301,
    0.2201108630804253,
    0.12470869931302571,
    0.1485096026629439,
    0.2811529311289479,
    0.12470869931302571,
    0.3186628156399846,
    0.1899880990523923,
    0.20999238674973508,
    0.17465144488981546,
    0.45124973188956036,
    0.08159656711193301,
    0.4254096157468108,
    0.09229643251866138,
    0.09504040584300139,
    0.08159656711193301,
    0.11120364123799083,
    0.22898214137767917,
    0.11258732598992287,
    0.1899880990523923,
    0.08377464250177687,
    0.20999238674973508,
    0.09470009933268592,
    0.3186628156399846,
    0.09229643251866138,
    0.1110715886123649,
    0.09470009933268592,
    0.10532230954988482,
    0.1790690470697769,
    0.08377464250177687,
    0.1110715886123649,
    0.09504040584300139,
    0.08377464250177687,
    0.10860414682692403,
    0.2201108630804253,
    0.09504040584300139,
    0.16968610942404416,
    0.16968610942404416,
    0.11224145658804004,
    0.160697986355814,
    0.09210912558080664,
    0.10532230954988482,
    0.1790690470697769,
    0.09504040584300139,
    0.11225610141706495,
    0.17465144488981546,
    0.11224145658804004,
    0.11120364123799083,
    0.08377464250177687,
    0.16968610942404416,
    0.09727961030656496,
    0.17048859373675485,
    0.16968610942404416,
    0.1110715886123649,
    0.16968610942404416,
    0.08159656711193301,
    0.19235298526523417,
    0.1110715886123649,
    0.160697986355814,
    0.20999238674973508,
    0.08159656711193301,
    0.17048859373675485,
    0.1790690470697769,
    0.09229643251866138,
    0.09229643251866138,
    0.20999238674973508,
    0.3992922379835407,
    0.1673297746920224,
    0.1673297746920224,
    0.12470869931302571,
    0.1113145154444483,
    0.11120364123799083,
    0.09229643251866138,
    0.3186628156399846,
    0.3992922379835407,
    0.1673297746920224,
    0.10532230954988482,
    0.09727961030656496,
    0.09210912558080664,
    0.1485096026629439,
    0.2811529311289479,
    0.09210912558080664,
    0.09210912558080664,
    0.29710039393937054,
    0.1113145154444483,
    0.10860414682692403,
    0.09210912558080664,
    0.09470009933268592,
    0.11224145658804004,
    0.1110715886123649,
    0.17048859373675485,
    0.3992922379835407,
    0.19235298526523417,
    0.2811529311289479,
    0.09504040584300139,
    0.17048859373675485,
    0.1790690470697769,
    0.11224145658804004,
    0.08377464250177687,
    0.09229643251866138,
    0.1673297746920224,
    0.1673297746920224,
    0.08377464250177687,
    0.11225610141706495,
    0.1485096026629439,
    0.19235298526523417,
    0.2201108630804253,
    0.1485096026629439,
    0.1485096026629439,
    0.09210912558080664,
    0.11120364123799083,
    0.1673297746920224,
    0.9659224104837509,
    0.9624212607218373,
    0.7095688407138317,
    0.9303049821626536,
    0.9530936379321524,
    0.8815186884370587,
    0.7376735650523871,
    0.9617859986112226,
    0.8166955321538655,
    0.9052479138440775,
    0.963725594384135,
    0.876251534923269,
    0.9642048481221934,
    0.9506693447760046,
    0.958802153110379,
    0.9539657206500949,
    0.9643763291977953,
    0.7131862529068735,
    0.690715458856339,
    0.7671475877583931,
    0.9620424878604088,
    0.935953165006854,
    0.9428302132993439,
    0.9029204340192082,
    0.1485096026629439,
    0.961562292433622,
    0.9646289087530482,
    0.957018137691069,
    0.9612521506597972,
    0.9212277326318109,
    0.9134368132756041,
    0.9556093071264359,
    0.9618580695830676,
    0.9567443043696781,
    0.9095664632035775,
    0.9559235002764761,
    0.9485206774104457,
    0.9584278854476205,
    0.9650239346451611,
    0.9607956915018714,
    0.8649424905704627,
    0.6083441365919153,
    0.6168852908745812,
    0.9659213307816521,
    0.9657618748761786,
    0.9520459338009202,
    0.7472794876894486,
    0.6225413084492674,
    0.9658118497539444,
    0.9654071099804705,
    0.961957302822114,
    0.9553831070323628,
    0.959657029648091,
    0.3468831423086251,
    0.9576729768693654,
    0.9489670171276732,
    0.9632044084444349,
    0.9619386139617975,
    0.9658413810075447,
    0.9623907822173435,
    0.9659909673285086,
    0.9594492504930487,
    0.19235298526523417,
    0.8823902484165357,
    0.9573704177736865,
    0.9526759829736883,
    0.966093504395686,
    0.7823786646665876,
    0.9401504406356794,
    0.45305192452421966,
    0.1790690470697769,
    0.9657546741020053,
    0.5541943863154215,
    0.9201155392350865,
    0.8422841138911141,
    0.9650904726173225,
    0.9606682692912134,
    0.9496614485800275,
    0.963649959687284,
    0.9629789934864866,
    0.8065518232335154,
    0.9586009996584895,
    0.5023083585715088,
    0.966036344228509,
    0.7839925064915874,
    0.9657650192674784,
    0.9659114896003104,
    0.9641278842882226,
    0.8876808790475542,
    0.9486922788377332,
    0.9527974409142802,
    0.9615408805017925,
    0.9315947099022909,
    0.9619771914350482,
    0.914647794048013,
    0.9629140098651252,
    0.964448697180294,
    0.8906210323969413,
    0.9558536271152512,
    0.9577897235379002,
    0.9630574272433936,
    0.9658072351195751,
    0.9657025389072101,
    0.9548848804853023,
    0.9655820881616624,
    0.8852388408549268,
    0.9631852129428194,
    0.908850898328991,
    0.9632956539262635,
    0.9650392736713175,
    0.20999238674973508,
    0.9502654688007204,
    0.9424614525547916,
    0.9643871289268736,
    0.9439823340130502,
    0.9396429651703001,
    0.9640948323804704,
    0.8057876152490024,
    0.9645561525909162,
    0.9655740836579896,
    0.9610193105801154,
    0.964187582096692,
    0.9497745142489151,
    0.8930133603064956,
    0.17048859373675485,
    0.8267618669851463,
    0.8658954447003618,
    0.2811529311289479,
    0.9633408449087987,
    0.965168738253121,
    0.9628007233958286,
    0.9655907377842524,
    0.9102854351986732,
