{
  "model_type": "xgboost_behavioral_calibrated",
  "feature_keys": [
    "scriptCount",
    "scriptTotalLength",
    "hasPostinstall",
    "postinstallLength",
    "preinstallLength",
    "postuninstallLength",
    "networkScriptCount",
    "evalUsageCount",
    "childProcessCount",
    "fileSystemAccessCount",
    "base64DecodeCount",
    "obfuscationMarkerCount",
    "socketDnsCount",
    "dependencyCount",
    "devDependencyCount"
  ],
  "feature_schema_version": 1,
  "training_date": "2026-04-19T04:03:43.606571Z",
  "dataset_size": 184,
  "class_distribution": {
    "good": 35,
    "bad": 112
  },
  "imbalance_strategy": "oversample",
  "xgboost_params": {
    "n_estimators": 100,
    "max_depth": 6,
    "learning_rate": 0.1,
    "subsample": 0.9,
    "colsample_bytree": 0.9,
    "min_child_weight": 1,
    "random_state": 42,
    "eval_metric": "logloss"
  },
  "scale_pos_weight": 1.0,
  "metrics": {
    "accuracy": 0.6757,
    "precision": 0.7857,
    "recall": 0.7857,
    "roc_auc": 0.5754
  },
  "training_scores": [
    0.29666433996843283,
    0.21917765850553858,
    0.19786173923120778,
    0.17724382475133518,
    0.5715934423251338,
    0.25921180408460687,
    0.3619860540501523,
    0.3619860540501523,
    0.16509078795570784,
    0.16509078795570784,
    0.181840831986668,
    0.3246264502496948,
    0.18586456840947638,
    0.16509078795570784,
    0.2810233915919817,
    0.18586456840947638,
    0.17724382475133518,
    0.23032918354452916,
    0.17836459521356676,
    0.3246264502496948,
    0.1694194118241689,
    0.1994426031752086,
    0.242654364323189,
    0.20750035667024624,
    0.21917765850553858,
    0.181840831986668,
    0.32140582740921203,
    0.17724382475133518,
    0.24118130764896914,
    0.29013654325057797,
    0.1989384870671261,
    0.1694194118241689,
    0.20339331583283057,
    0.24118130764896914,
    0.19512258353104717,
    0.18586456840947638,
    0.23764438691970732,
    0.242654364323189,
    0.32140582740921203,
    0.19786173923120778,
    0.21189053393620214,
    0.20339331583283057,
    0.20521130180538835,
    0.1989384870671261,
    0.18586456840947638,
    0.5090041443604417,
    0.1989384870671261,
    0.29666433996843283,
    0.29013654325057797,
    0.19512258353104717,
    0.18145707870394057,
    0.4015379004521041,
    0.20339331583283057,
    0.4013817648966673,
    0.21917765850553858,
    0.19786173923120778,
    0.20339331583283057,
    0.25921180408460687,
    0.17724382475133518,
    0.20750035667024624,
    0.29013654325057797,
    0.16509078795570784,
    0.19512258353104717,
    0.1694194118241689,
    0.29666433996843283,
    0.21917765850553858,
    0.3801804650197915,
    0.1694194118241689,
    0.32140582740921203,
    0.24118130764896914,
    0.16509078795570784,
    0.3801804650197915,
    0.19786173923120778,
    0.16509078795570784,
    0.3619860540501523,
    0.20521130180538835,
    0.19786173923120778,
    0.21189053393620214,
    0.21189053393620214,
    0.23032918354452916,
    0.494505978219236,
    0.242654364323189,
    0.32140582740921203,
    0.24118130764896914,
    0.19786173923120778,
    0.17836459521356676,
    0.18145707870394057,
    0.23032918354452916,
    0.25921180408460687,
    0.16509078795570784,
    0.21189053393620214,
    0.3246264502496948,
    0.1994426031752086,
    0.21189053393620214,
    0.3801804650197915,
    0.21189053393620214,
    0.20339331583283057,
    0.181840831986668,
    0.3801804650197915,
    0.494505978219236,
    0.19512258353104717,
    0.20339331583283057,
    0.1994426031752086,
    0.24118130764896914,
    0.21917765850553858,
    0.21917765850553858,
    0.19512258353104717,
    0.5016078773418587,
    0.3357449284324277,
    0.3357449284324277,
    0.1989384870671261,
    0.2810233915919817,
    0.725262813280005,
    0.5323583748175252,
    0.6763100979331128,
    0.9238823735709097,
    0.9185920220990029,
    0.9139702961481421,
    0.7592968420799971,
    0.6484352818095528,
    0.494505978219236,
    0.9231020659774706,
    0.8924661271367645,
    0.9227255096588619,
    0.902035356572655,
    0.731676975245795,
    0.916723518307723,
    0.7098039974081782,
    0.9162060372099576,
    0.9189847612522494,
    0.473036231268768,
    0.7627674858940687,
    0.6353641863071711,
    0.5132942925453174,
    0.8776561042387364,
    0.9216968711673972,
    0.8859078824256,
    0.7183507298789108,
    0.43469835862771755,
    0.9252122972863176,
    0.9248831562263938,
    0.3801804650197915,
    0.8744560621642793,
    0.9147463580097887,
    0.9160401352704763,
    0.923000848397646,
    0.9193479477676414,
    0.9164759831145467,
    0.8800927924397732,
    0.634509894154824,
    0.8745570389676751,
    0.9221740814696395,
    0.9185691898366958,
    0.6393465010523248,
    0.9159956824946153,
    0.9097468680291959,
    0.9059014326046132,
    0.8593848924002749,
    0.9153916647330865,
    0.8930328823718355,
    0.9233828960039779,
    0.8164441655102831,
    0.644274253678618,
    0.813652032658235,
    0.9089992622476969,
    0.9123223077824294,
    0.9101796157898875,
    0.8793701200766768,
    0.6497286877348535,
    0.6465437066263192,
    0.9125468074069848,
    0.8987800742722042,
    0.5243303169131633,
    0.8676780470453552,
    0.9029853115511605,
    0.923652739770608,
    0.24118130764896914,
    0.882247503934555,
    0.899904319517729,
    0.8128425723004608,
    0.6895279700423202,
    0.914163569716509,
    0.7386060673005627,
    0.9238382697260753,
    0.6355336275924577,
    0.5715934423251338,
    0.7361064836687413,
    0.9077237790404463,
    0.9232094791005033,
    0.7615144493167451,
    0.6382241546807029,
    0.8965460407428897,
    0.9149469965995493,
    0.8060203186584539,
    0.9160589498696149,
    0.9247960360194357,
    0.9198454004019568,
    0.9166234186880496,
    0.6805009030557114,
    0.9235957145382728,
    0.9120859301076859,
    0.9262528329231642,
    0.920478072523693,
    0.9108769241519363,
    0.9266489850550822,
    0.623692654091697,
    0.7243819174599092,
    0.9173168987769502,
    0.9008701591531011,
    0.9132639715384903,
    0.8975352020687467,
    0.8706736808383534,
    0.9168498301236365,
    0.9157300635385677,
    0.8936603539516463,
    0.9119671306727,
    0.91493154280889,
    0.6493958824688723,
    0.5830564900449496,
    0.8887927926135738,
    0.9060058275242726,
    0.8060795604422153,
    0.502943617820977,
    0.8835414442295059
  ]
}