{
  "model_type": "xgboost_behavioral_calibrated",
  "feature_keys": [
    "scriptCount",
    "scriptTotalLength",
    "hasPostinstall",
    "postinstallLength",
    "preinstallLength",
    "postuninstallLength",
    "networkScriptCount",
    "evalUsageCount",
    "childProcessCount",
    "fileSystemAccessCount",
    "base64DecodeCount",
    "obfuscationMarkerCount",
    "socketDnsCount",
    "dependencyCount",
    "devDependencyCount"
  ],
  "feature_schema_version": 1,
  "training_date": "2026-04-12T23:41:12.383904Z",
  "dataset_size": 178,
  "class_distribution": {
    "good": 35,
    "bad": 107
  },
  "imbalance_strategy": "oversample",
  "xgboost_params": {
    "n_estimators": 100,
    "max_depth": 6,
    "learning_rate": 0.1,
    "subsample": 0.9,
    "colsample_bytree": 0.9,
    "min_child_weight": 1,
    "random_state": 42,
    "eval_metric": "logloss"
  },
  "scale_pos_weight": 1.0,
  "metrics": {
    "accuracy": 0.5556,
    "precision": 0.7391,
    "recall": 0.6296,
    "roc_auc": 0.4897
  },
  "training_scores": [
    0.2979123939979495,
    0.10838622440867522,
    0.1476040825661533,
    0.14004589558128436,
    0.4937987886669401,
    0.17510954419502336,
    0.25336053563421795,
    0.25336053563421795,
    0.12535674010338183,
    0.12535674010338183,
    0.20512991873415198,
    0.23565123539822794,
    0.22988008797395096,
    0.12535674010338183,
    0.5032225120998413,
    0.22988008797395096,
    0.14004589558128436,
    0.1768206289326557,
    0.3530617228749036,
    0.23565123539822794,
    0.2075646851990948,
    0.20446235006908045,
    0.2360553626487769,
    0.18630154241636956,
    0.10838622440867522,
    0.20512991873415198,
    0.3569803631593118,
    0.14004589558128436,
    0.17668828398428157,
    0.12373082369117201,
    0.41451335242507126,
    0.2075646851990948,
    0.12467150833555106,
    0.17668828398428157,
    0.20258412401500384,
    0.22988008797395096,
    0.6655688001601687,
    0.2360553626487769,
    0.3569803631593118,
    0.1476040825661533,
    0.12898342926461312,
    0.12467150833555106,
    0.14789661831379994,
    0.41451335242507126,
    0.22988008797395096,
    0.20193385920743842,
    0.41451335242507126,
    0.2979123939979495,
    0.12373082369117201,
    0.20258412401500384,
    0.31449831224923563,
    0.6983345664051476,
    0.12467150833555106,
    0.33141073822862116,
    0.10838622440867522,
    0.1476040825661533,
    0.12467150833555106,
    0.17510954419502336,
    0.14004589558128436,
    0.18630154241636956,
    0.12373082369117201,
    0.12535674010338183,
    0.20258412401500384,
    0.2075646851990948,
    0.2979123939979495,
    0.10838622440867522,
    0.14212582512040514,
    0.2075646851990948,
    0.3569803631593118,
    0.17668828398428157,
    0.12535674010338183,
    0.14212582512040514,
    0.1476040825661533,
    0.12535674010338183,
    0.25336053563421795,
    0.14789661831379994,
    0.1476040825661533,
    0.12898342926461312,
    0.12898342926461312,
    0.1768206289326557,
    0.4195221288478328,
    0.2360553626487769,
    0.3569803631593118,
    0.17668828398428157,
    0.1476040825661533,
    0.3530617228749036,
    0.31449831224923563,
    0.1768206289326557,
    0.17510954419502336,
    0.12535674010338183,
    0.12898342926461312,
    0.23565123539822794,
    0.20446235006908045,
    0.12898342926461312,
    0.14212582512040514,
    0.12898342926461312,
    0.12467150833555106,
    0.20512991873415198,
    0.14212582512040514,
    0.4195221288478328,
    0.20258412401500384,
    0.12467150833555106,
    0.20446235006908045,
    0.17668828398428157,
    0.10838622440867522,
    0.10838622440867522,
    0.20258412401500384,
    0.9441146965406002,
    0.7424897412985082,
    0.5083590915301658,
    0.9421198155258973,
    0.9357763755070151,
    0.7971088482790005,
    0.6492123882887176,
    0.6952142055147297,
    0.9420690111698443,
    0.9439740558837192,
    0.6431339201253125,
    0.943454901089896,
    0.9308252116595841,
    0.9028838997105934,
    0.7841083515820692,
    0.8908343374353329,
    0.9406759555508307,
    0.6877390991700727,
    0.9464337864927321,
    0.9464478178129266,
    0.2979123939979495,
    0.9188880050770497,
    0.7286683617141262,
    0.944835402895681,
    0.6504518302616079,
    0.9303041292062436,
    0.9325896869451517,
    0.9422285851975855,
    0.9435652504535361,
    0.7349743957789219,
    0.8553676556555952,
    0.9434637397329831,
    0.9419721670710038,
    0.9403290236446926,
    0.6655688001601687,
    0.7632231021413928,
    0.3569803631593118,
    0.9352480000040263,
    0.9452807515055347,
    0.7794600871712568,
    0.9309745030341018,
    0.8249665342663564,
    0.5210690553226986,
    0.9433856582700533,
    0.5687716190396487,
    0.8556073800221148,
    0.8447702702725598,
    0.8090582375417741,
    0.8258742495387882,
    0.9400286278434207,
    0.9421073048723452,
    0.928611515794603,
    0.944179475826496,
    0.5379675752236727,
    0.9302613682237446,
    0.9422929237566166,
    0.9164101984021737,
    0.854918410622895,
    0.7554609302090111,
    0.9374053410540512,
    0.9413258226291622,
    0.9418589541804097,
    0.9332370753488565,
    0.7745347599731064,
    0.9386339250338155,
    0.934087000500948,
    0.9235897071111129,
    0.9415890684239243,
    0.906599163306653,
    0.6236661899481862,
    0.9302287714548397,
    0.886027444250244,
    0.9425413664492043,
    0.9402209616122136,
    0.8649762072356957,
    0.9105571257166091,
    0.9074812584374753,
    0.7847284073133215,
    0.8881328557315964,
    0.7591421331740501,
    0.7978705629001771,
    0.8521892566223482,
    0.639971516240675,
    0.8942715443810666,
    0.7189601503614226,
    0.9222916260234263,
    0.7611851304018303,
    0.8583794057431976,
    0.534753793405038,
    0.9328105080100358,
    0.9449574691801415,
    0.9446970429687531,
    0.8119347337080071,
    0.8070689791345332,
    0.9465044029531681,
    0.9348139543496877,
    0.917961867804217,
    0.9193995481507313,
    0.9226323400841059,
    0.622850068463651,
    0.9372148798487987,
    0.9074825311821244,
    0.771789462263386,
    0.9324803832466496,
    0.9404324846059614,
    0.776790698657694,
    0.7874602839029642
  ]
}