{
  "model_type": "xgboost_behavioral_calibrated",
  "feature_keys": [
    "scriptCount",
    "scriptTotalLength",
    "hasPostinstall",
    "postinstallLength",
    "preinstallLength",
    "postuninstallLength",
    "networkScriptCount",
    "evalUsageCount",
    "childProcessCount",
    "fileSystemAccessCount",
    "base64DecodeCount",
    "obfuscationMarkerCount",
    "socketDnsCount",
    "dependencyCount",
    "devDependencyCount"
  ],
  "feature_schema_version": 1,
  "training_date": "2026-06-28T04:29:51.272323Z",
  "dataset_size": 230,
  "class_distribution": {
    "good": 35,
    "bad": 149
  },
  "imbalance_strategy": "oversample",
  "xgboost_params": {
    "n_estimators": 100,
    "max_depth": 6,
    "learning_rate": 0.1,
    "subsample": 0.9,
    "colsample_bytree": 0.9,
    "min_child_weight": 1,
    "random_state": 42,
    "eval_metric": "logloss"
  },
  "scale_pos_weight": 1.0,
  "metrics": {
    "accuracy": 0.7391,
    "precision": 0.8049,
    "recall": 0.8919,
    "roc_auc": 0.6517
  },
  "training_scores": [
    0.27246788685957857,
    0.11253077468422547,
    0.10572170005932081,
    0.20340370112804426,
    0.4478539122115066,
    0.15410282929668437,
    0.11609692708162679,
    0.11609692708162679,
    0.09605143718294806,
    0.09605143718294806,
    0.1974863959779302,
    0.11885447701811412,
    0.18925755356257598,
    0.09605143718294806,
    0.1711073542830969,
    0.18925755356257598,
    0.20340370112804426,
    0.2199651388279146,
    0.10831298704983856,
    0.11885447701811412,
    0.2576601947647583,
    0.1890527249924933,
    0.11488842253707877,
    0.10888946656871447,
    0.11253077468422547,
    0.1974863959779302,
    0.14268075219651896,
    0.20340370112804426,
    0.12411025637010475,
    0.18056301104801764,
    0.2889493563302339,
    0.2576601947647583,
    0.10404625124260199,
    0.12411025637010475,
    0.09875447249563035,
    0.18925755356257598,
    0.4622000097230439,
    0.11488842253707877,
    0.14268075219651896,
    0.10572170005932081,
    0.11026838066327549,
    0.10404625124260199,
    0.20987504043832728,
    0.2889493563302339,
    0.18925755356257598,
    0.13146685093467492,
    0.2889493563302339,
    0.27246788685957857,
    0.18056301104801764,
    0.09875447249563035,
    0.40298611155111724,
    0.40745847087055237,
    0.10404625124260199,
    0.29400465072454285,
    0.11253077468422547,
    0.10572170005932081,
    0.10404625124260199,
    0.15410282929668437,
    0.20340370112804426,
    0.10888946656871447,
    0.18056301104801764,
    0.09605143718294806,
    0.09875447249563035,
    0.2576601947647583,
    0.27246788685957857,
    0.11253077468422547,
    0.14414509869140776,
    0.2576601947647583,
    0.14268075219651896,
    0.12411025637010475,
    0.09605143718294806,
    0.14414509869140776,
    0.10572170005932081,
    0.09605143718294806,
    0.11609692708162679,
    0.20987504043832728,
    0.10572170005932081,
    0.11026838066327549,
    0.11026838066327549,
    0.2199651388279146,
    0.2960142896687041,
    0.11488842253707877,
    0.14268075219651896,
    0.12411025637010475,
    0.10572170005932081,
    0.10831298704983856,
    0.40298611155111724,
    0.2199651388279146,
    0.15410282929668437,
    0.09605143718294806,
    0.11026838066327549,
    0.11885447701811412,
    0.1890527249924933,
    0.11026838066327549,
    0.14414509869140776,
    0.11026838066327549,
    0.10404625124260199,
    0.1974863959779302,
    0.14414509869140776,
    0.2960142896687041,
    0.09875447249563035,
    0.10404625124260199,
    0.1890527249924933,
    0.12411025637010475,
    0.11253077468422547,
    0.11253077468422547,
    0.09875447249563035,
    0.4211015740022342,
    0.11750063617120599,
    0.11750063617120599,
    0.2889493563302339,
    0.1711073542830969,
    0.15410282929668437,
    0.11253077468422547,
    0.27246788685957857,
    0.4211015740022342,
    0.11750063617120599,
    0.14268075219651896,
    0.11885447701811412,
    0.11488842253707877,
    0.18925755356257598,
    0.13146685093467492,
    0.11488842253707877,
    0.11488842253707877,
    0.4622000097230439,
    0.1711073542830969,
    0.11609692708162679,
    0.11488842253707877,
    0.2576601947647583,
    0.2199651388279146,
    0.14414509869140776,
    0.1890527249924933,
    0.4211015740022342,
    0.1974863959779302,
    0.13146685093467492,
    0.10572170005932081,
    0.1890527249924933,
    0.12411025637010475,
    0.2199651388279146,
    0.09605143718294806,
    0.11253077468422547,
    0.11750063617120599,
    0.11750063617120599,
    0.09605143718294806,
    0.10831298704983856,
    0.18925755356257598,
    0.1974863959779302,
    0.20987504043832728,
    0.18925755356257598,
    0.9528852630734704,
    0.9506035246386767,
    0.9416666434261277,
    0.7801591368819932,
    0.9444792985196345,
    0.942356916665835,
    0.9367927091671704,
    0.7196941176732216,
    0.9244860490928923,
    0.9490303824134846,
    0.9463414206862083,
    0.7741546742073456,
    0.9523255630002017,
    0.9251279806819785,
    0.9537411088590811,
    0.941544728873588,
    0.94792013071923,
    0.5789487124693133,
    0.9499052829733738,
    0.5162696833417388,
    0.9323537474515775,
    0.838582133234785,
    0.634172379379386,
    0.934476669590398,
    0.937176034435407,
    0.605162327004397,
    0.9470273899135586,
    0.9295949938758183,
    0.2576601947647583,
    0.9372464487366278,
    0.8896614230233979,
    0.6476199684669749,
    0.9166456229579714,
    0.9394638658983787,
    0.8944889295197654,
    0.9375480903961062,
    0.9066486870125448,
    0.952721909120169,
    0.9515753174607374,
    0.9477739844221253,
    0.9477670832148523,
    0.939808217694153,
    0.8204602201804101,
    0.9463961818159982,
    0.908971659892742,
    0.9428017725091967,
    0.9537089950209516,
    0.9523895700481543,
    0.803503597199304,
    0.9526142312796081,
    0.953791017124553,
    0.8613146852836081,
    0.820879001085609,
    0.9543681347124918,
    0.9451884860836737,
    0.8435642247155782,
    0.9539922696948829,
    0.9452344882435358,
    0.8779104258264168,
    0.9449891090624575,
    0.8262617342893219,
    0.9303988339850221,
    0.9501053167284498,
    0.9464667543806332,
    0.9516008307667215,
    0.9248440397986367,
    0.9116452950043482,
    0.1890527249924933,
    0.7607227406255334,
    0.7697504812426047,
    0.9514712327565601,
    0.6633478761878945,
    0.9204010232140228,
    0.6895792047645553,
    0.9475324034139948,
    0.7147631135887068,
    0.9284676235360071,
    0.9541419251632064,
    0.932368493481538,
    0.9057680921107295,
    0.9530796728431676,
    0.7977718359167877,
    0.7518927873529891,
    0.1974863959779302,
    0.949450689036115,
    0.9540889530251223,
    0.7746602731995805,
    0.9510757043942943,
    0.9501933697704441,
    0.951315857720744,
    0.38287124880700035,
    0.2199651388279146,
    0.9421400418022396,
    0.9523393169217987,
    0.9445616127287281,
    0.8989074152650387,
    0.7215188669895527,
    0.9536583862331621,
    0.9225109370343452,
    0.8845204105886976,
    0.9014928777617078,
    0.2889493563302339,
    0.9029095570204447,
    0.660973101055207,
    0.9539918818581761,
    0.9529324696190161,
    0.9467031293164129,
    0.9270154769821831,
    0.7653490032174419,
    0.9326332945240375,
    0.954384907942527,
    0.946911247365324,
    0.9255847642484255,
    0.18925755356257598,
    0.9470275018278219,
    0.9534989434322027,
    0.8802872365955993,
    0.9514905936871227,
    0.9192965952606548,
    0.9451488867188956,
    0.9499483154432179,
    0.9524339920658745,
    0.9523569009164876,
    0.9370974450248689,
    0.914917315311067,
    0.9463966380742965,
    0.9504564614039713,
    0.9504953856993287,
    0.9033962618996462,
    0.9254386086367316,
    0.9484703279623167,
    0.9436822000139112,
    0.953731375135925,
    0.951867410313139,
    0.7687134071727427,
    0.9439084698767704,
    0.9509407258381569,
