{
  "model_type": "xgboost_behavioral_calibrated",
  "feature_keys": [
    "scriptCount",
    "scriptTotalLength",
    "hasPostinstall",
    "postinstallLength",
    "preinstallLength",
    "postuninstallLength",
    "networkScriptCount",
    "evalUsageCount",
    "childProcessCount",
    "fileSystemAccessCount",
    "base64DecodeCount",
    "obfuscationMarkerCount",
    "socketDnsCount",
    "dependencyCount",
    "devDependencyCount"
  ],
  "feature_schema_version": 1,
  "training_date": "2026-05-24T04:27:34.049642Z",
  "dataset_size": 234,
  "class_distribution": {
    "good": 35,
    "bad": 152
  },
  "imbalance_strategy": "oversample",
  "xgboost_params": {
    "n_estimators": 100,
    "max_depth": 6,
    "learning_rate": 0.1,
    "subsample": 0.9,
    "colsample_bytree": 0.9,
    "min_child_weight": 1,
    "random_state": 42,
    "eval_metric": "logloss"
  },
  "scale_pos_weight": 1.0,
  "metrics": {
    "accuracy": 0.7234,
    "precision": 0.8378,
    "recall": 0.8158,
    "roc_auc": 0.6053
  },
  "training_scores": [
    0.15251898189109553,
    0.1358122332682623,
    0.12048561317463728,
    0.234585933374054,
    0.5391521157172862,
    0.13290197556010372,
    0.12661755505944808,
    0.12661755505944808,
    0.10309014807198691,
    0.10309014807198691,
    0.2120821188705687,
    0.10602070640949046,
    0.10581337845947873,
    0.10309014807198691,
    0.15283688471955256,
    0.10581337845947873,
    0.234585933374054,
    0.17830277244560455,
    0.11585711610530576,
    0.10602070640949046,
    0.12503147945712714,
    0.10126957146273367,
    0.1265982960970381,
    0.10530997183599466,
    0.1358122332682623,
    0.2120821188705687,
    0.11506234215183879,
    0.234585933374054,
    0.12641345055529535,
    0.2029747110744828,
    0.3665453351223528,
    0.12503147945712714,
    0.10693424437525756,
    0.12641345055529535,
    0.10540918792710051,
    0.10581337845947873,
    0.4158456996069522,
    0.1265982960970381,
    0.11506234215183879,
    0.12048561317463728,
    0.11782911570039105,
    0.10693424437525756,
    0.265339222715542,
    0.3665453351223528,
    0.10581337845947873,
    0.18586585691669258,
    0.3665453351223528,
    0.15251898189109553,
    0.2029747110744828,
    0.10540918792710051,
    0.2885841117258727,
    0.6024392134814213,
    0.10693424437525756,
    0.3956057290966635,
    0.1358122332682623,
    0.12048561317463728,
    0.10693424437525756,
    0.13290197556010372,
    0.234585933374054,
    0.10530997183599466,
    0.2029747110744828,
    0.10309014807198691,
    0.10540918792710051,
    0.12503147945712714,
    0.15251898189109553,
    0.1358122332682623,
    0.1219193335925116,
    0.12503147945712714,
    0.11506234215183879,
    0.12641345055529535,
    0.10309014807198691,
    0.1219193335925116,
    0.12048561317463728,
    0.10309014807198691,
    0.12661755505944808,
    0.265339222715542,
    0.12048561317463728,
    0.11782911570039105,
    0.11782911570039105,
    0.17830277244560455,
    0.3395135776266513,
    0.1265982960970381,
    0.11506234215183879,
    0.12641345055529535,
    0.12048561317463728,
    0.11585711610530576,
    0.2885841117258727,
    0.17830277244560455,
    0.13290197556010372,
    0.10309014807198691,
    0.11782911570039105,
    0.10602070640949046,
    0.10126957146273367,
    0.11782911570039105,
    0.1219193335925116,
    0.11782911570039105,
    0.10693424437525756,
    0.2120821188705687,
    0.1219193335925116,
    0.3395135776266513,
    0.10540918792710051,
    0.10693424437525756,
    0.10126957146273367,
    0.12641345055529535,
    0.1358122332682623,
    0.1358122332682623,
    0.10540918792710051,
    0.38713069958817203,
    0.11491565588367274,
    0.11491565588367274,
    0.3665453351223528,
    0.15283688471955256,
    0.13290197556010372,
    0.1358122332682623,
    0.15251898189109553,
    0.38713069958817203,
    0.11491565588367274,
    0.11506234215183879,
    0.10602070640949046,
    0.1265982960970381,
    0.10581337845947873,
    0.18586585691669258,
    0.1265982960970381,
    0.1265982960970381,
    0.4158456996069522,
    0.15283688471955256,
    0.12661755505944808,
    0.1265982960970381,
    0.12503147945712714,
    0.17830277244560455,
    0.1219193335925116,
    0.10126957146273367,
    0.38713069958817203,
    0.2120821188705687,
    0.18586585691669258,
    0.12048561317463728,
    0.10126957146273367,
    0.12641345055529535,
    0.17830277244560455,
    0.10309014807198691,
    0.1358122332682623,
    0.11491565588367274,
    0.11491565588367274,
    0.10309014807198691,
    0.11585711610530576,
    0.10581337845947873,
    0.2120821188705687,
    0.265339222715542,
    0.10581337845947873,
    0.10581337845947873,
    0.1265982960970381,
    0.13290197556010372,
    0.9554962862090237,
    0.9492322922841515,
    0.9512682877531141,
    0.9181669171797218,
    0.9244881193667306,
    0.9551656950194429,
    0.9457032346721544,
    0.9503186280505314,
    0.9338684401752899,
    0.9540175150158229,
    0.9553907048272524,
    0.5626460723594268,
    0.938395402053322,
    0.9551850086650518,
    0.8873168321172261,
    0.9504352053072497,
    0.9274345884223475,
    0.949215396892653,
    0.8060408334152434,
    0.9483766487389125,
    0.9313295809085774,
    0.9547287827572889,
    0.9555184344160225,
    0.9526558962530268,
    0.9540350465873667,
    0.9059781969735311,
    0.9541583105104589,
    0.9486164152018938,
    0.9532223883355077,
    0.9542838540639168,
    0.9546584391349434,
    0.9492498568018455,
    0.9421848067485538,
    0.954721999895436,
    0.9525842726229592,
    0.688166472208957,
    0.9553735067557699,
    0.9161914197409095,
    0.9485136468292893,
    0.9516280151243409,
    0.9518784399828606,
    0.9505393560752582,
    0.947945908885837,
    0.9531906060018085,
    0.9472372701774908,
    0.4968900635431737,
    0.6240343442327042,
    0.9541489777335886,
    0.924505399985106,
    0.9087500867025485,
    0.7671292706863454,
    0.49514507092592125,
    0.9532307601621416,
    0.954020265535808,
    0.6064298878432536,
    0.9521685284940394,
    0.9541156228173605,
    0.889043048033252,
    0.9532219023846115,
    0.9522548530712712,
    0.9527590659888528,
    0.9104807426363503,
    0.9437214597825115,
    0.6967957815653096,
    0.951859446278803,
    0.9394988853115246,
    0.83027636095375,
    0.9345463401256963,
    0.7978950001754916,
    0.8977727173349658,
    0.8468106346490609,
    0.910862953158006,
    0.9548050122392491,
    0.9468267823793021,
    0.2120821188705687,
    0.9485904884701473,
    0.9047142204096165,
    0.9542378755132125,
    0.8203238676081738,
    0.9549069012411118,
    0.6017517530262683,
    0.9549936211189988,
    0.741354486015077,
    0.9503524129943806,
    0.9517297260785726,
    0.9270037146686744,
    0.9552571940679018,
    0.9553510766356826,
    0.9547909405433196,
    0.9493521153516379,
    0.9465213113237926,
    0.952648729827029,
    0.9543893025507165,
    0.7619289409390753,
    0.794655979555412,
    0.9496282274923663,
    0.9432388298611302,
    0.6316363973318829,
    0.7060809558197375,
    0.954618290915333,
    0.9548133346540384,
    0.7770455044571999,
    0.9553761685809542,
    0.9117142569249549,
    0.9503701841493486,
    0.9498703880196872,
    0.8836609844869153,
    0.668373673575505,
    0.8776090691059383,
    0.9543838947226387,
    0.6024392134814213,
    0.9118200474959401,
    0.9538745769582393,
    0.9157054738193849,
    0.9549936211189988,
    0.6636128256838141,
    0.9526938001398317,
    0.9533059598986927,
    0.7660761668427246,
    0.9550234067421536,
    0.697388618107564,
    0.6567562007668857,
    0.9502546220298974,
    0.6556127655247793,
    0.950188693050458,
    0.9539203051169122,
    0.9497102469182295,
    0.9529359949263675,
    0.9505660113991935,
    0.5373003009879437,
    0.9532693896473082,
    0.8893478140768107,
    0.6222500956446403,
    0.9350501561138227,
