{
  "model_type": "xgboost_behavioral_calibrated",
  "feature_keys": [
    "scriptCount",
    "scriptTotalLength",
    "hasPostinstall",
    "postinstallLength",
    "preinstallLength",
    "postuninstallLength",
    "networkScriptCount",
    "evalUsageCount",
    "childProcessCount",
    "fileSystemAccessCount",
    "base64DecodeCount",
    "obfuscationMarkerCount",
    "socketDnsCount",
    "dependencyCount",
    "devDependencyCount"
  ],
  "feature_schema_version": 1,
  "training_date": "2026-06-23T22:45:51.452158Z",
  "dataset_size": 231,
  "class_distribution": {
    "good": 35,
    "bad": 149
  },
  "imbalance_strategy": "oversample",
  "xgboost_params": {
    "n_estimators": 100,
    "max_depth": 6,
    "learning_rate": 0.1,
    "subsample": 0.9,
    "colsample_bytree": 0.9,
    "min_child_weight": 1,
    "random_state": 42,
    "eval_metric": "logloss"
  },
  "scale_pos_weight": 1.0,
  "metrics": {
    "accuracy": 0.6596,
    "precision": 0.8056,
    "recall": 0.7632,
    "roc_auc": 0.614
  },
  "training_scores": [
    0.3543827716966737,
    0.12325148704112539,
    0.11916660451770394,
    0.2268050916396391,
    0.45647058351220027,
    0.147772044119912,
    0.1389289952140022,
    0.1389289952140022,
    0.10389309234830242,
    0.10389309234830242,
    0.11318561127790028,
    0.12025555361148847,
    0.17460868637129015,
    0.10389309234830242,
    0.13079782073481305,
    0.17460868637129015,
    0.2268050916396391,
    0.2786926904814209,
    0.13197986493502778,
    0.12025555361148847,
    0.30114302123457,
    0.10541389116069466,
    0.1115916100588165,
    0.11568621132160055,
    0.12325148704112539,
    0.11318561127790028,
    0.1553798907301699,
    0.2268050916396391,
    0.1420067390684543,
    0.2068511443044145,
    0.2418388680363095,
    0.30114302123457,
    0.10496699165603314,
    0.1420067390684543,
    0.10560089867607492,
    0.17460868637129015,
    0.41600758844757585,
    0.1115916100588165,
    0.1553798907301699,
    0.11916660451770394,
    0.11977985508745344,
    0.10496699165603314,
    0.2509712285640803,
    0.2418388680363095,
    0.17460868637129015,
    0.12479102358532268,
    0.2418388680363095,
    0.3543827716966737,
    0.2068511443044145,
    0.10560089867607492,
    0.4537328129432041,
    0.6153762316326145,
    0.10496699165603314,
    0.3878751249172579,
    0.12325148704112539,
    0.11916660451770394,
    0.10496699165603314,
    0.147772044119912,
    0.2268050916396391,
    0.11568621132160055,
    0.2068511443044145,
    0.10389309234830242,
    0.10560089867607492,
    0.30114302123457,
    0.3543827716966737,
    0.12325148704112539,
    0.12689503539597893,
    0.30114302123457,
    0.1553798907301699,
    0.1420067390684543,
    0.10389309234830242,
    0.12689503539597893,
    0.11916660451770394,
    0.10389309234830242,
    0.1389289952140022,
    0.2509712285640803,
    0.11916660451770394,
    0.11977985508745344,
    0.11977985508745344,
    0.2786926904814209,
    0.38922358476738356,
    0.1115916100588165,
    0.1553798907301699,
    0.1420067390684543,
    0.11916660451770394,
    0.13197986493502778,
    0.4537328129432041,
    0.2786926904814209,
    0.147772044119912,
    0.10389309234830242,
    0.11977985508745344,
    0.12025555361148847,
    0.10541389116069466,
    0.11977985508745344,
    0.12689503539597893,
    0.11977985508745344,
    0.10496699165603314,
    0.11318561127790028,
    0.12689503539597893,
    0.38922358476738356,
    0.10560089867607492,
    0.10496699165603314,
    0.10541389116069466,
    0.1420067390684543,
    0.12325148704112539,
    0.12325148704112539,
    0.10560089867607492,
    0.39549997594081204,
    0.12386801847917132,
    0.12386801847917132,
    0.2418388680363095,
    0.13079782073481305,
    0.147772044119912,
    0.12325148704112539,
    0.3543827716966737,
    0.39549997594081204,
    0.12386801847917132,
    0.1553798907301699,
    0.12025555361148847,
    0.1115916100588165,
    0.17460868637129015,
    0.12479102358532268,
    0.1115916100588165,
    0.1115916100588165,
    0.41600758844757585,
    0.13079782073481305,
    0.1389289952140022,
    0.1115916100588165,
    0.30114302123457,
    0.2786926904814209,
    0.12689503539597893,
    0.10541389116069466,
    0.39549997594081204,
    0.11318561127790028,
    0.12479102358532268,
    0.11916660451770394,
    0.10541389116069466,
    0.1420067390684543,
    0.2786926904814209,
    0.10389309234830242,
    0.12325148704112539,
    0.12386801847917132,
    0.12386801847917132,
    0.10389309234830242,
    0.13197986493502778,
    0.17460868637129015,
    0.11318561127790028,
    0.2509712285640803,
    0.17460868637129015,
    0.2418388680363095,
    0.6531947450872334,
    0.9499397930998317,
    0.9452987735424941,
    0.8269063107307361,
    0.6390365925493797,
    0.9521687376964452,
    0.9514606774000197,
    0.9530315697164072,
    0.17460868637129015,
    0.9435830736821451,
    0.9550565755312607,
    0.9073364746066566,
    0.953906690686949,
    0.9487869384899238,
    0.5237829259108832,
    0.7133093823772073,
    0.9551208909303663,
    0.9537784889217097,
    0.9342699974753126,
    0.849137005908308,
    0.9372199751917684,
    0.9432327435557347,
    0.9545625123101106,
    0.912245036681368,
    0.9545148773033918,
    0.8744043507356484,
    0.9338423178680378,
    0.9522719474884102,
    0.9454380203874098,
    0.9460232524818669,
    0.9532582711678991,
    0.6695581020383994,
    0.9344735366323503,
    0.9546380539563893,
    0.942647971935476,
    0.2786926904814209,
    0.9534347517243744,
    0.9070552810019076,
    0.9371216479239411,
    0.9532777700959003,
    0.9508180719197488,
    0.8656311167649493,
    0.9458050049311867,
    0.9543143586988574,
    0.9428003434213762,
    0.9494016316683608,
    0.9518475614175456,
    0.9484097759791008,
    0.944387818124965,
    0.8434903128815162,
    0.9501040960339652,
    0.9547545152751983,
    0.9554260713474606,
    0.6724390690666496,
    0.9395548378744718,
    0.9536224795010334,
    0.952484475931121,
    0.8116703726777371,
    0.9390400531724882,
    0.9517195790151841,
    0.9549651403096088,
    0.9214882650076213,
    0.9487530142329069,
    0.9282714131461235,
    0.72584175034507,
    0.914563295448574,
    0.9465294896284128,
    0.8927533910748364,
    0.9538435595613951,
    0.9523557597900725,
    0.9519438768170042,
    0.5967817928563067,
    0.9410616581356562,
    0.9539057655475949,
    0.8869669244026549,
    0.933899390484946,
    0.8649986284680743,
    0.9543594988162717,
    0.9316190282970269,
    0.5405071403007427,
    0.9510813724429316,
    0.8849740302186656,
    0.9448968254590356,
    0.7971840508757969,
    0.6606440465547284,
    0.9406251834761856,
    0.9545658675288511,
    0.9500969290337234,
    0.9452641400616127,
    0.850916666367146,
    0.9527296902752761,
    0.9403213196666848,
    0.7689303903394166,
    0.9530190430559524,
    0.8850188568324496,
    0.9540835028086553,
    0.954552467166735,
    0.8553695662465834,
    0.9350773937426003,
    0.7324981341633645,
    0.9430971850792204,
    0.9531482344358162,
    0.9106752762814319,
    0.9537450681820269,
    0.9272179472257873,
    0.8933439997765452,
    0.9546450939909739,
    0.9282084725775163,
    0.916210971810349,
    0.9537385860848667,
    0.581825061184882,
    0.6960896900207861,
    0.6550183295157649,
    0.7374453823786067,
    0.9467525763762091,
    0.6153762316326145,
    0.9474538907834379,
    0.7058063285240466,
    0.6649749355677078,
    0.9058722802384843,
    0.9513041083121693,
    0.8419159581532704,
    0.770702688291384,
    0.7471502904162722,
    0.30114302123457,
    0.830170875188419,
    0.9416802329527147,
    0.9442371950831584,
    0.9508146122942119,
    0.9489689873510394,
    0.852322449539806,
    0.9531508377561186,
    0.9473373699544217,
    0.661399348625813,
    0.9374048862253787,
    0.9475953926532755,
    0.9523379208701247,
