{
  "model_type": "xgboost_behavioral_calibrated",
  "feature_keys": [
    "scriptCount",
    "scriptTotalLength",
    "hasPostinstall",
    "postinstallLength",
    "preinstallLength",
    "postuninstallLength",
    "networkScriptCount",
    "evalUsageCount",
    "childProcessCount",
    "fileSystemAccessCount",
    "base64DecodeCount",
    "obfuscationMarkerCount",
    "socketDnsCount",
    "dependencyCount",
    "devDependencyCount"
  ],
  "feature_schema_version": 1,
  "training_date": "2026-04-26T04:09:42.197513Z",
  "dataset_size": 193,
  "class_distribution": {
    "good": 35,
    "bad": 119
  },
  "imbalance_strategy": "oversample",
  "xgboost_params": {
    "n_estimators": 100,
    "max_depth": 6,
    "learning_rate": 0.1,
    "subsample": 0.9,
    "colsample_bytree": 0.9,
    "min_child_weight": 1,
    "random_state": 42,
    "eval_metric": "logloss"
  },
  "scale_pos_weight": 1.0,
  "metrics": {
    "accuracy": 0.6667,
    "precision": 0.7742,
    "recall": 0.8,
    "roc_auc": 0.6148
  },
  "training_scores": [
    0.12103668896729906,
    0.1022484723381496,
    0.11910753969621297,
    0.17999526785498862,
    0.6502347028796723,
    0.14140923134971087,
    0.3465115492134392,
    0.3465115492134392,
    0.10534912251744664,
    0.10534912251744664,
    0.1604714265574021,
    0.16216786600339872,
    0.17519440657486576,
    0.10534912251744664,
    0.17588862866873575,
    0.17519440657486576,
    0.17999526785498862,
    0.1355987641601402,
    0.5293013909596908,
    0.16216786600339872,
    0.14972650196262596,
    0.15649684164500946,
    0.13018551272257328,
    0.44797586739469936,
    0.1022484723381496,
    0.1604714265574021,
    0.11164464930487487,
    0.17999526785498862,
    0.2698040935522234,
    0.128788998149881,
    0.16532479032784683,
    0.14972650196262596,
    0.1316472590761321,
    0.2698040935522234,
    0.1549929694313953,
    0.17519440657486576,
    0.2318304424988451,
    0.13018551272257328,
    0.11164464930487487,
    0.11910753969621297,
    0.11115876688970368,
    0.1316472590761321,
    0.43359091308733616,
    0.16532479032784683,
    0.17519440657486576,
    0.4002022761350292,
    0.16532479032784683,
    0.12103668896729906,
    0.128788998149881,
    0.1549929694313953,
    0.3254790635870482,
    0.35866620341513095,
    0.1316472590761321,
    0.39114002843495416,
    0.1022484723381496,
    0.11910753969621297,
    0.1316472590761321,
    0.14140923134971087,
    0.17999526785498862,
    0.44797586739469936,
    0.128788998149881,
    0.10534912251744664,
    0.1549929694313953,
    0.14972650196262596,
    0.12103668896729906,
    0.1022484723381496,
    0.22996818062579058,
    0.14972650196262596,
    0.11164464930487487,
    0.2698040935522234,
    0.10534912251744664,
    0.22996818062579058,
    0.11910753969621297,
    0.10534912251744664,
    0.3465115492134392,
    0.43359091308733616,
    0.11910753969621297,
    0.11115876688970368,
    0.11115876688970368,
    0.1355987641601402,
    0.1128585949183259,
    0.13018551272257328,
    0.11164464930487487,
    0.2698040935522234,
    0.11910753969621297,
    0.5293013909596908,
    0.3254790635870482,
    0.1355987641601402,
    0.14140923134971087,
    0.10534912251744664,
    0.11115876688970368,
    0.16216786600339872,
    0.15649684164500946,
    0.11115876688970368,
    0.22996818062579058,
    0.11115876688970368,
    0.1316472590761321,
    0.1604714265574021,
    0.22996818062579058,
    0.1128585949183259,
    0.1549929694313953,
    0.1316472590761321,
    0.15649684164500946,
    0.2698040935522234,
    0.1022484723381496,
    0.1022484723381496,
    0.1549929694313953,
    0.4252651076401947,
    0.2695014216831803,
    0.2695014216831803,
    0.16532479032784683,
    0.17588862866873575,
    0.14140923134971087,
    0.1022484723381496,
    0.12103668896729906,
    0.4252651076401947,
    0.2695014216831803,
    0.11164464930487487,
    0.16216786600339872,
    0.9533772573945424,
    0.9110044734458684,
    0.9577150911039966,
    0.9575413844705842,
    0.8680135476521197,
    0.8926878312998046,
    0.9483982224008303,
    0.9580062865786262,
    0.955485255055805,
    0.8479229451511102,
    0.8266052130344977,
    0.9482478170076288,
    0.9458419751126944,
    0.9459548770056724,
    0.7272503479649796,
    0.9371417501766803,
    0.951064925792673,
    0.44797586739469936,
    0.9578950461311596,
    0.9291195754617355,
    0.9569812485580987,
    0.957595059469943,
    0.9476497247881953,
    0.9518593192032933,
    0.7459205960243876,
    0.9409857207573985,
    0.9191057275891265,
    0.9548819428302902,
    0.956933773918356,
    0.9441955689717615,
    0.953193388035216,
    0.8296672314806441,
    0.9480315330956443,
    0.7838387743570515,
    0.9457805140830929,
    0.9497646312526551,
    0.9377709119882992,
    0.8529700999724069,
    0.7737273452111876,
    0.9545594414859591,
    0.9537038253385025,
    0.6371726300932553,
    0.9530657717242673,
    0.9374613359235567,
    0.954974821221381,
    0.8992657827568467,
    0.9492995621226874,
    0.9492978124561503,
    0.5935068135685224,
    0.9512813749308803,
    0.35866620341513095,
    0.9575692208618399,
    0.9279635278342798,
    0.9476529886162798,
    0.7997448554700853,
    0.9232179631862433,
    0.885281851111711,
    0.5420949815899271,
    0.8692267593985435,
    0.9494653927297013,
    0.9557636675977367,
    0.8276265617462716,
    0.9524321341415325,
    0.6924886946293637,
    0.9274818094620789,
    0.8799459238287506,
    0.9575638843997524,
    0.9531993574847695,
    0.9516685219609275,
    0.8248558872954286,
    0.6676618128741016,
    0.8006099077109669,
    0.7407065466852432,
    0.9581867177374339,
    0.6057486369233983,
    0.6926863993323038,
    0.9557387120260831,
    0.9369981988232979,
    0.9530246704161721,
    0.3410504129084404,
    0.954367911801684,
    0.604082183337919,
    0.7315066698483718,
    0.9570764731017928,
    0.9258949235311627,
    0.9549187714195617,
    0.9542086851041901,
    0.9430415210754918,
    0.9050024657557333,
    0.8001303197158118,
    0.9283066634612096,
    0.8697449947671122,
    0.9532344067598233,
    0.9495525020174336,
    0.8685922534928036,
    0.9560242971344493,
    0.44499018317273764,
    0.3465115492134392,
    0.8964616272400572,
    0.951688672254322,
    0.9520566655092865,
    0.2698040935522234,
    0.4002022761350292,
    0.9329368777339185,
    0.8841201033242525,
    0.9528827680216634,
    0.7740324426214943,
    0.8953147030326251,
    0.8174694569776414,
    0.8980284242361295,
    0.22996818062579058,
    0.9478645432529761,
    0.9120648625010203,
    0.9569202202369073,
    0.5293013909596908,
    0.9053672714609745,
    0.9176008377847372,
    0.9361723946627122,
    0.7411777500580731
  ]
}