{
  "model_type": "xgboost_calibrated",
  "feature_keys": [
    "daysDifference",
    "recentCommitCount",
    "scopePrivate",
    "suspiciousPatternsCount",
    "timelineAnomaly",
    "registryIsNpm",
    "authorCount",
    "totalCommitCount",
    "dominantAuthorShare",
    "commitPatternAnomaly",
    "branchCount",
    "recentCommitCount90d",
    "messageAnomalyScore",
    "diffAnomalyScore",
    "nlpSecurityScore",
    "nlpSuspiciousCount",
    "crossPackageAnomaly",
    "behavioralAnomaly",
    "reviewSecurityScore",
    "popularityScore",
    "trustScore"
  ],
  "feature_schema_version": 1,
  "training_date": "2026-06-22T13:30:30.132223Z",
  "dataset_size": 1768,
  "class_distribution": {
    "good": 3,
    "bad": 1765
  },
  "imbalance_strategy": "oversample",
  "xgboost_params": {
    "n_estimators": 100,
    "max_depth": 6,
    "learning_rate": 0.1,
    "subsample": 0.9,
    "colsample_bytree": 0.9,
    "min_child_weight": 1,
    "random_state": 42,
    "eval_metric": "logloss"
  },
  "tuned": false,
  "best_params": {},
  "scale_pos_weight": 1.0,
  "metrics": {},
  "training_scores": [
    0.008374281635961262,
    0.007981183733829517,
    0.008374281635961262,
    0.008374281635961262,
    0.007981183733829517,
    0.007981183733829517,
    0.008374281635961262,
    0.008675197507548214,
    0.008374281635961262,
    0.008374281635961262,
    0.008374281635961262,
    0.008374281635961262,
    0.007981183733829517,
    0.008374281635961262,
    0.008675197507548214,
    0.007981183733829517,
    0.008675197507548214,
    0.008675197507548214,
    0.008675197507548214,
    0.008675197507548214,
    0.007981183733829517,
    0.007981183733829517,
    0.008675197507548214,
    0.008675197507548214,
    0.007981183733829517,
    0.007981183733829517,
    0.007981183733829517,
    0.008374281635961262,
    0.008374281635961262,
    0.008374281635961262,
    0.008675197507548214,
    0.008374281635961262,
    0.008675197507548214,
    0.008675197507548214,
    0.008374281635961262,
    0.008675197507548214,
    0.008374281635961262,
    0.008374281635961262,
    0.007981183733829517,
    0.008374281635961262,
    0.007981183733829517,
    0.008374281635961262,
    0.008374281635961262,
    0.007981183733829517,
    0.007981183733829517,
    0.008374281635961262,
    0.008675197507548214,
    0.007981183733829517,
    0.008675197507548214,
    0.008675197507548214,
    0.008675197507548214,
    0.007981183733829517,
    0.008675197507548214,
    0.007981183733829517,
    0.008675197507548214,
    0.008374281635961262,
    0.008374281635961262,
    0.007981183733829517,
    0.008374281635961262,
    0.008374281635961262,
    0.008675197507548214,
    0.007981183733829517,
    0.008675197507548214,
    0.008675197507548214,
    0.008675197507548214,
    0.008675197507548214,
    0.008675197507548214,
    0.008675197507548214,
    0.008675197507548214,
    0.007981183733829517,
    0.008374281635961262,
    0.008675197507548214,
    0.008675197507548214,
    0.008675197507548214,
    0.008675197507548214,
    0.008675197507548214,
    0.008675197507548214,
    0.008374281635961262,
    0.008374281635961262,
    0.008675197507548214,
    0.008374281635961262,
    0.007981183733829517,
    0.008675197507548214,
    0.007981183733829517,
    0.007981183733829517,
    0.008675197507548214,
    0.008374281635961262,
    0.007981183733829517,
    0.008675197507548214,
    0.007981183733829517,
    0.007981183733829517,
    0.007981183733829517,
    0.007981183733829517,
    0.008374281635961262,
    0.007981183733829517,
    0.007981183733829517,
    0.007981183733829517,
    0.008374281635961262,
    0.007981183733829517,
    0.007981183733829517,
    0.008374281635961262,
    0.008374281635961262,
    0.008374281635961262,
    0.007981183733829517,
    0.008374281635961262,
    0.008374281635961262,
    0.007981183733829517,
    0.008374281635961262,
    0.007981183733829517,
    0.008675197507548214,
    0.008374281635961262,
    0.008675197507548214,
    0.007981183733829517,
    0.008374281635961262,
    0.007981183733829517,
    0.008675197507548214,
    0.007981183733829517,
    0.008374281635961262,
    0.008374281635961262,
    0.008675197507548214,
    0.007981183733829517,
    0.008374281635961262,
    0.008675197507548214,
    0.008374281635961262,
    0.008374281635961262,
    0.007981183733829517,
    0.008374281635961262,
    0.007981183733829517,
    0.008374281635961262,
    0.008675197507548214,
    0.008374281635961262,
    0.007981183733829517,
    0.007981183733829517,
    0.008675197507548214,
    0.008374281635961262,
    0.008374281635961262,
    0.008675197507548214,
    0.008374281635961262,
    0.008374281635961262,
    0.007981183733829517,
    0.008374281635961262,
    0.008374281635961262,
    0.008675197507548214,
    0.008675197507548214,
    0.007981183733829517,
    0.008374281635961262,
    0.008374281635961262,
    0.008374281635961262,
    0.007981183733829517,
    0.007981183733829517,
    0.008675197507548214,
    0.007981183733829517,
    0.008374281635961262,
    0.008374281635961262,
    0.007981183733829517,
    0.008374281635961262,
    0.008374281635961262,
    0.007981183733829517,
    0.007981183733829517,
    0.008374281635961262,
    0.008374281635961262,
    0.008374281635961262,
    0.008675197507548214,
    0.008675197507548214,
    0.008675197507548214,
    0.007981183733829517,
    0.008675197507548214,
    0.007981183733829517,
    0.007981183733829517,
    0.008675197507548214,
    0.008675197507548214,
    0.008675197507548214,
    0.008374281635961262,
    0.008675197507548214,
    0.008374281635961262,
    0.007981183733829517,
    0.008374281635961262,
    0.008675197507548214,
    0.007981183733829517,
    0.007981183733829517,
    0.007981183733829517,
    0.008374281635961262,
    0.008675197507548214,
    0.007981183733829517,
    0.007981183733829517,
    0.007981183733829517,
    0.008374281635961262,
    0.008374281635961262,
    0.008675197507548214,
    0.008374281635961262,
    0.007981183733829517,
    0.008675197507548214,
    0.007981183733829517,
    0.007981183733829517,
    0.008374281635961262,
    0.008675197507548214,
    0.008374281635961262,
    0.008374281635961262,
    0.008675197507548214,
    0.007981183733829517,
    0.007981183733829517,
    0.008675197507548214,
    0.007981183733829517,
    0.008675197507548214,
    0.008675197507548214,
    0.008374281635961262,
    0.008675197507548214,
    0.008374281635961262,
    0.007981183733829517,
    0.007981183733829517,
    0.007981183733829517,
    0.007981183733829517,
    0.008374281635961262,
    0.007981183733829517,
    0.008675197507548214,
    0.008675197507548214,
    0.008675197507548214,
    0.008374281635961262,
    0.007981183733829517,
    0.007981183733829517,
    0.007981183733829517,
    0.008374281635961262,
    0.008675197507548214,
    0.008675197507548214,
    0.007981183733829517,
    0.008675197507548214,
    0.008675197507548214,
    0.008374281635961262,
    0.008374281635961262,
    0.008374281635961262,
    0.008374281635961262,
    0.007981183733829517,
    0.008374281635961262,
    0.008675197507548214,
    0.007981183733829517,
    0.008675197507548214,
    0.008675197507548214,
    0.008675197507548214,
    0.008374281635961262,
    0.008374281635961262,
    0.007981183733829517,
    0.007981183733829517,
    0.008374281635961262,
    0.008675197507548214,
    0.007981183733829517,
    0.008374281635961262,
    0.008374281635961262,
    0.008374281635961262,
    0.008675197507548214,
    0.008374281635961262,
    0.008374281635961262,
    0.008374281635961262,
    0.008374281635961262,
    0.007981183733829517,
    0.007981183733829517,
    0.008374281635961262,
    0.008675197507548214,
    0.007981183733829517,
    0.008374281635961262,
    0.007981183733829517,
    0.007981183733829517,
    0.008675197507548214,
    0.008374281635961262,
    0.008374281635961262,
