{
  "model_type": "xgboost_calibrated",
  "feature_keys": [
    "daysDifference",
    "recentCommitCount",
    "scopePrivate",
    "suspiciousPatternsCount",
    "timelineAnomaly",
    "registryIsNpm",
    "authorCount",
    "totalCommitCount",
    "dominantAuthorShare",
    "commitPatternAnomaly",
    "branchCount",
    "recentCommitCount90d",
    "messageAnomalyScore",
    "diffAnomalyScore",
    "nlpSecurityScore",
    "nlpSuspiciousCount",
    "crossPackageAnomaly",
    "behavioralAnomaly",
    "reviewSecurityScore",
    "popularityScore",
    "trustScore"
  ],
  "feature_schema_version": 1,
  "training_date": "2026-04-13T00:35:26.084853Z",
  "dataset_size": 1518,
  "class_distribution": {
    "good": 2,
    "bad": 1212
  },
  "imbalance_strategy": "oversample",
  "xgboost_params": {
    "n_estimators": 100,
    "max_depth": 6,
    "learning_rate": 0.1,
    "subsample": 0.9,
    "colsample_bytree": 0.9,
    "min_child_weight": 1,
    "random_state": 42,
    "eval_metric": "logloss"
  },
  "tuned": false,
  "best_params": {},
  "scale_pos_weight": 1.0,
  "metrics": {
    "accuracy": 0.9967,
    "precision": 1.0,
    "recall": 0.9967
  },
  "training_scores": [
    0.00758659600789309,
    0.007084835113755049,
    0.00758659600789309,
    0.00758659600789309,
    0.00758659600789309,
    0.007084835113755049,
    0.00758659600789309,
    0.00758659600789309,
    0.00758659600789309,
    0.007084835113755049,
    0.00758659600789309,
    0.00758659600789309,
    0.00758659600789309,
    0.00758659600789309,
    0.007084835113755049,
    0.00758659600789309,
    0.007084835113755049,
    0.007084835113755049,
    0.007084835113755049,
    0.00758659600789309,
    0.007084835113755049,
    0.00758659600789309,
    0.007084835113755049,
    0.007084835113755049,
    0.007084835113755049,
    0.007084835113755049,
    0.007084835113755049,
    0.007084835113755049,
    0.007084835113755049,
    0.007084835113755049,
    0.00758659600789309,
    0.00758659600789309,
    0.007084835113755049,
    0.007084835113755049,
    0.007084835113755049,
    0.00758659600789309,
    0.007084835113755049,
    0.00758659600789309,
    0.00758659600789309,
    0.00758659600789309,
    0.00758659600789309,
    0.00758659600789309,
    0.007084835113755049,
    0.007084835113755049,
    0.007084835113755049,
    0.007084835113755049,
    0.007084835113755049,
    0.00758659600789309,
    0.007084835113755049,
    0.007084835113755049,
    0.00758659600789309,
    0.007084835113755049,
    0.00758659600789309,
    0.007084835113755049,
    0.00758659600789309,
    0.007084835113755049,
    0.007084835113755049,
    0.00758659600789309,
    0.00758659600789309,
    0.00758659600789309,
    0.00758659600789309,
    0.00758659600789309,
    0.00758659600789309,
    0.00758659600789309,
    0.00758659600789309,
    0.007084835113755049,
    0.007084835113755049,
    0.00758659600789309,
    0.007084835113755049,
    0.007084835113755049,
    0.007084835113755049,
    0.007084835113755049,
    0.00758659600789309,
    0.007084835113755049,
    0.00758659600789309,
    0.007084835113755049,
    0.007084835113755049,
    0.007084835113755049,
    0.00758659600789309,
    0.007084835113755049,
    0.00758659600789309,
    0.007084835113755049,
    0.00758659600789309,
    0.007084835113755049,
    0.00758659600789309,
    0.00758659600789309,
    0.007084835113755049,
    0.00758659600789309,
    0.007084835113755049,
    0.007084835113755049,
    0.007084835113755049,
    0.007084835113755049,
    0.007084835113755049,
    0.007084835113755049,
    0.007084835113755049,
    0.007084835113755049,
    0.007084835113755049,
    0.007084835113755049,
    0.007084835113755049,
    0.00758659600789309,
    0.00758659600789309,
    0.007084835113755049,
    0.007084835113755049,
    0.007084835113755049,
    0.007084835113755049,
    0.007084835113755049,
    0.007084835113755049,
    0.007084835113755049,
    0.007084835113755049,
    0.00758659600789309,
    0.007084835113755049,
    0.00758659600789309,
    0.007084835113755049,
    0.007084835113755049,
    0.00758659600789309,
    0.007084835113755049,
    0.00758659600789309,
    0.007084835113755049,
    0.007084835113755049,
    0.00758659600789309,
    0.007084835113755049,
    0.00758659600789309,
    0.007084835113755049,
    0.00758659600789309,
    0.00758659600789309,
    0.007084835113755049,
    0.007084835113755049,
    0.00758659600789309,
    0.007084835113755049,
    0.007084835113755049,
    0.007084835113755049,
    0.00758659600789309,
    0.00758659600789309,
    0.00758659600789309,
    0.00758659600789309,
    0.00758659600789309,
    0.00758659600789309,
    0.00758659600789309,
    0.00758659600789309,
    0.00758659600789309,
    0.007084835113755049,
    0.00758659600789309,
    0.007084835113755049,
    0.007084835113755049,
    0.007084835113755049,
    0.00758659600789309,
    0.00758659600789309,
    0.00758659600789309,
    0.00758659600789309,
    0.007084835113755049,
    0.00758659600789309,
    0.00758659600789309,
    0.00758659600789309,
    0.00758659600789309,
    0.00758659600789309,
    0.007084835113755049,
    0.00758659600789309,
    0.007084835113755049,
    0.00758659600789309,
    0.007084835113755049,
    0.00758659600789309,
    0.00758659600789309,
    0.007084835113755049,
    0.007084835113755049,
    0.007084835113755049,
    0.00758659600789309,
    0.007084835113755049,
    0.00758659600789309,
    0.00758659600789309,
    0.007084835113755049,
    0.007084835113755049,
    0.00758659600789309,
    0.00758659600789309,
    0.007084835113755049,
    0.007084835113755049,
    0.007084835113755049,
    0.00758659600789309,
    0.00758659600789309,
    0.00758659600789309,
    0.00758659600789309,
    0.00758659600789309,
    0.00758659600789309,
    0.007084835113755049,
    0.00758659600789309,
    0.00758659600789309,
    0.00758659600789309,
    0.007084835113755049,
    0.00758659600789309,
    0.00758659600789309,
    0.007084835113755049,
    0.00758659600789309,
    0.00758659600789309,
    0.00758659600789309,
    0.00758659600789309,
    0.00758659600789309,
    0.007084835113755049,
    0.007084835113755049,
    0.007084835113755049,
    0.00758659600789309,
    0.00758659600789309,
    0.00758659600789309,
    0.007084835113755049,
    0.00758659600789309,
    0.00758659600789309,
    0.007084835113755049,
    0.00758659600789309,
    0.007084835113755049,
    0.007084835113755049,
    0.007084835113755049,
    0.00758659600789309,
    0.00758659600789309,
    0.00758659600789309,
    0.00758659600789309,
    0.00758659600789309,
    0.00758659600789309,
    0.00758659600789309,
    0.007084835113755049,
    0.00758659600789309,
    0.007084835113755049,
    0.00758659600789309,
    0.00758659600789309,
    0.00758659600789309,
    0.007084835113755049,
    0.007084835113755049,
    0.007084835113755049,
    0.007084835113755049,
    0.00758659600789309,
    0.007084835113755049,
    0.00758659600789309,
    0.00758659600789309,
    0.007084835113755049,
    0.007084835113755049,
    0.007084835113755049,
    0.007084835113755049,
    0.007084835113755049,
    0.007084835113755049,
    0.007084835113755049,
    0.007084835113755049,
    0.00758659600789309,
    0.007084835113755049,
    0.007084835113755049,
    0.00758659600789309,
    0.007084835113755049,
    0.00758659600789309,
    0.00758659600789309,
    0.007084835113755049,
    0.00758659600789309,
    0.00758659600789309,
    0.00758659600789309,
    0.00758659600789309,
    0.007084835113755049,
    0.00758659600789309,
    0.007084835113755049,
    0.00758659600789309,
    0.00758659600789309,
    0.00758659600789309,
    0.00758659600789309,
    0.007084835113755049,
    0.007084835113755049,
    0.00758659600789309,
    0.00758659600789309,
    0.007084835113755049,
    0.00758659600789309,
    0.00758659600789309,
    0.00758659600789309,
    0.007084835113755049,
    0.007084835113755049,
