{
  "model_type": "xgboost_calibrated",
  "feature_keys": [
    "daysDifference",
    "recentCommitCount",
    "scopePrivate",
    "suspiciousPatternsCount",
    "timelineAnomaly",
    "registryIsNpm",
    "authorCount",
    "totalCommitCount",
    "dominantAuthorShare",
    "commitPatternAnomaly",
    "branchCount",
    "recentCommitCount90d",
    "messageAnomalyScore",
    "diffAnomalyScore",
    "nlpSecurityScore",
    "nlpSuspiciousCount",
    "crossPackageAnomaly",
    "behavioralAnomaly",
    "reviewSecurityScore",
    "popularityScore",
    "trustScore"
  ],
  "feature_schema_version": 1,
  "training_date": "2026-04-13T08:21:45.735682Z",
  "dataset_size": 1608,
  "class_distribution": {
    "good": 3,
    "bad": 1605
  },
  "imbalance_strategy": "oversample",
  "xgboost_params": {
    "n_estimators": 100,
    "max_depth": 6,
    "learning_rate": 0.1,
    "subsample": 0.9,
    "colsample_bytree": 0.9,
    "min_child_weight": 1,
    "random_state": 42,
    "eval_metric": "logloss"
  },
  "tuned": false,
  "best_params": {},
  "scale_pos_weight": 1.0,
  "metrics": {},
  "training_scores": [
    0.00919435505842959,
    0.008738463433156046,
    0.00919435505842959,
    0.00919435505842959,
    0.008738463433156046,
    0.008738463433156046,
    0.00919435505842959,
    0.009541965661414709,
    0.00919435505842959,
    0.00919435505842959,
    0.00919435505842959,
    0.00919435505842959,
    0.008738463433156046,
    0.00919435505842959,
    0.009541965661414709,
    0.008738463433156046,
    0.009541965661414709,
    0.009541965661414709,
    0.009541965661414709,
    0.009541965661414709,
    0.008738463433156046,
    0.008738463433156046,
    0.009541965661414709,
    0.009541965661414709,
    0.008738463433156046,
    0.008738463433156046,
    0.008738463433156046,
    0.00919435505842959,
    0.00919435505842959,
    0.00919435505842959,
    0.009541965661414709,
    0.00919435505842959,
    0.009541965661414709,
    0.009541965661414709,
    0.00919435505842959,
    0.009541965661414709,
    0.00919435505842959,
    0.00919435505842959,
    0.008738463433156046,
    0.00919435505842959,
    0.008738463433156046,
    0.00919435505842959,
    0.00919435505842959,
    0.008738463433156046,
    0.008738463433156046,
    0.00919435505842959,
    0.009541965661414709,
    0.008738463433156046,
    0.009541965661414709,
    0.009541965661414709,
    0.009541965661414709,
    0.008738463433156046,
    0.009541965661414709,
    0.008738463433156046,
    0.009541965661414709,
    0.00919435505842959,
    0.00919435505842959,
    0.008738463433156046,
    0.00919435505842959,
    0.00919435505842959,
    0.009541965661414709,
    0.008738463433156046,
    0.009541965661414709,
    0.009541965661414709,
    0.009541965661414709,
    0.009541965661414709,
    0.009541965661414709,
    0.009541965661414709,
    0.009541965661414709,
    0.008738463433156046,
    0.00919435505842959,
    0.009541965661414709,
    0.009541965661414709,
    0.009541965661414709,
    0.009541965661414709,
    0.009541965661414709,
    0.009541965661414709,
    0.00919435505842959,
    0.00919435505842959,
    0.009541965661414709,
    0.00919435505842959,
    0.008738463433156046,
    0.009541965661414709,
    0.008738463433156046,
    0.008738463433156046,
    0.009541965661414709,
    0.00919435505842959,
    0.008738463433156046,
    0.009541965661414709,
    0.008738463433156046,
    0.008738463433156046,
    0.008738463433156046,
    0.008738463433156046,
    0.00919435505842959,
    0.008738463433156046,
    0.008738463433156046,
    0.008738463433156046,
    0.00919435505842959,
    0.008738463433156046,
    0.008738463433156046,
    0.00919435505842959,
    0.00919435505842959,
    0.00919435505842959,
    0.008738463433156046,
    0.00919435505842959,
    0.00919435505842959,
    0.008738463433156046,
    0.00919435505842959,
    0.008738463433156046,
    0.009541965661414709,
    0.00919435505842959,
    0.009541965661414709,
    0.008738463433156046,
    0.00919435505842959,
    0.008738463433156046,
    0.009541965661414709,
    0.008738463433156046,
    0.00919435505842959,
    0.00919435505842959,
    0.009541965661414709,
    0.008738463433156046,
    0.00919435505842959,
    0.009541965661414709,
    0.00919435505842959,
    0.00919435505842959,
    0.008738463433156046,
    0.00919435505842959,
    0.008738463433156046,
    0.00919435505842959,
    0.009541965661414709,
    0.00919435505842959,
    0.008738463433156046,
    0.008738463433156046,
    0.009541965661414709,
    0.00919435505842959,
    0.00919435505842959,
    0.009541965661414709,
    0.00919435505842959,
    0.00919435505842959,
    0.008738463433156046,
    0.00919435505842959,
    0.00919435505842959,
    0.009541965661414709,
    0.009541965661414709,
    0.008738463433156046,
    0.00919435505842959,
    0.00919435505842959,
    0.00919435505842959,
    0.008738463433156046,
    0.008738463433156046,
    0.009541965661414709,
    0.008738463433156046,
    0.00919435505842959,
    0.00919435505842959,
    0.008738463433156046,
    0.00919435505842959,
    0.00919435505842959,
    0.008738463433156046,
    0.008738463433156046,
    0.00919435505842959,
    0.00919435505842959,
    0.00919435505842959,
    0.009541965661414709,
    0.009541965661414709,
    0.009541965661414709,
    0.008738463433156046,
    0.009541965661414709,
    0.008738463433156046,
    0.008738463433156046,
    0.009541965661414709,
    0.009541965661414709,
    0.009541965661414709,
    0.00919435505842959,
    0.009541965661414709,
    0.00919435505842959,
    0.008738463433156046,
    0.00919435505842959,
    0.009541965661414709,
    0.008738463433156046,
    0.008738463433156046,
    0.008738463433156046,
    0.00919435505842959,
    0.009541965661414709,
    0.008738463433156046,
    0.008738463433156046,
    0.008738463433156046,
    0.00919435505842959,
    0.00919435505842959,
    0.009541965661414709,
    0.00919435505842959,
    0.008738463433156046,
    0.009541965661414709,
    0.008738463433156046,
    0.008738463433156046,
    0.00919435505842959,
    0.009541965661414709,
    0.00919435505842959,
    0.00919435505842959,
    0.009541965661414709,
    0.008738463433156046,
    0.008738463433156046,
    0.009541965661414709,
    0.008738463433156046,
    0.009541965661414709,
    0.009541965661414709,
    0.00919435505842959,
    0.009541965661414709,
    0.00919435505842959,
    0.008738463433156046,
    0.008738463433156046,
    0.008738463433156046,
    0.008738463433156046,
    0.00919435505842959,
    0.008738463433156046,
    0.009541965661414709,
    0.009541965661414709,
    0.009541965661414709,
    0.00919435505842959,
    0.008738463433156046,
    0.008738463433156046,
    0.008738463433156046,
    0.00919435505842959,
    0.009541965661414709,
    0.009541965661414709,
    0.008738463433156046,
    0.009541965661414709,
    0.009541965661414709,
    0.00919435505842959,
    0.00919435505842959,
    0.00919435505842959,
    0.00919435505842959,
    0.008738463433156046,
    0.00919435505842959,
    0.009541965661414709,
    0.008738463433156046,
    0.009541965661414709,
    0.009541965661414709,
    0.009541965661414709,
    0.00919435505842959,
    0.00919435505842959,
    0.008738463433156046,
    0.008738463433156046,
    0.00919435505842959,
    0.009541965661414709,
    0.008738463433156046,
    0.00919435505842959,
    0.00919435505842959,
    0.00919435505842959,
    0.009541965661414709,
    0.00919435505842959,
    0.00919435505842959,
    0.00919435505842959,
    0.00919435505842959,
    0.008738463433156046,
    0.008738463433156046,
    0.00919435505842959,
    0.009541965661414709,
    0.008738463433156046,
    0.00919435505842959,
    0.008738463433156046,
    0.008738463433156046,
    0.009541965661414709,
    0.00919435505842959,
    0.00919435505842959,
    0.009541965661414709,
    0.009541965661414709,
    0.00919435505842959,
    0.00919435505842959,
